Region_centroid_row,Exred_mean,Exgreen_mean,Saturatoin_mean,field19
178,-21.555555,-25.222221,0.31899637,negative
41,-33.444443,-16.777779,0.19934683,negative
173,-12.111111,-15.777778,0.26691392,negative
130,-2.6666667,-2.3333333,1,negative
197,-16.11111,-19.777779,0.30292457,negative
185,-12,-18.666666,0.2758892,negative
229,-10.888889,10.444445,0.3357168,negative
111,4.4444447,-7.2222223,0.56415343,positive
81,-22,-5.6666665,0.5952822,negative
85,-3,-17,0.43740398,positive
83,-9.555555,-10.555555,0.30741498,negative
153,-1.1111112,-1.1111112,0.8888889,negative
141,-0.11111111,-0.11111111,0.11111111,negative
220,-2.3333333,5.6666665,0.42735383,negative
197,-21,-22.666666,0.28533262,negative
115,-2.3333333,-2.6666667,0.93333334,negative
51,-2.4444444,-15.777778,0.44286063,positive
182,-16.444445,-23.11111,0.3067216,negative
120,-9.222222,-16.222221,0.2453213,negative
97,-5.888889,-13.222222,0.19711515,negative
145,-0.6666667,-1.3333334,0.5277778,negative
128,5.888889,-7.4444447,0.56371254,positive
134,-11.888889,-3.8888888,0.8339346,negative
58,-8.333333,-9,0.62222224,negative
237,-4.6666665,9.333333,0.5538119,negative
28,-40.555557,-13.888889,0.24151142,negative
120,-4.7777777,-2.1111112,1,negative
210,-17.555555,-21.555555,0.3175664,negative
62,-28.555555,-22.222221,0.20801263,negative
83,-16.11111,-8.777778,0.6647845,negative
246,-9.888889,16.11111,0.39154765,negative
140,-3.7777777,-5.4444447,0.79788357,negative
142,-2.7777777,-2.7777777,0.76944447,negative
146,-13.777778,-11.111111,0.43278608,negative
236,-8.888889,14.111111,0.44724658,negative
249,-11.888889,10.111111,0.40621215,negative
173,-8.333333,16.666666,0.34965578,negative
122,4.3333335,-7.6666665,0.5813492,positive
145,-3.2222223,-3.8888888,0.65661377,negative
146,-0.11111111,-0.11111111,0.11111111,negative
246,-14.333333,24.666666,0.38897294,negative
40,-0.11111111,-0.7777778,0.11666667,negative
157,-13.333333,16.666666,0.41818407,negative
249,-8.888889,16.11111,0.5333069,negative
125,-3.4444444,-2.4444444,1,negative
152,-1.5555556,-2.5555556,0.64867723,negative
92,-13.555555,-11.888889,0.6321268,negative
201,-20.222221,-24.222221,0.29921305,negative
117,-3.2222223,-2.8888888,1,negative
85,-13.888889,-6.2222223,0.7741213,negative
60,-6.2222223,-19.222221,0.4223002,positive
115,-10.555555,-8.888889,0.33914888,negative
11,-19.333334,-6.3333335,0.09983583,negative
209,-6.5555553,13.111111,0.40790388,negative
199,-19.666666,-22.666666,0.31241447,negative
41,-0.44444445,-1.1111112,0.537037,negative
140,-9,-8.666667,0.2850997,negative
146,0,0,0,negative
94,-18.88889,-24.222221,0.17678948,negative
107,-10.777778,-14.777778,0.23045462,negative
176,-14,-22,0.30857325,negative
103,-15.777778,-20.777779,0.25960675,negative
136,-19.555555,-9.888889,0.66081303,negative
58,-8.555555,-8.555555,0.6077675,negative
101,0.7777778,-15.555555,0.40403765,positive
224,-10.555555,16.11111,0.4433746,negative
13,-29,-10,0.1565683,negative
90,-22.555555,-21.222221,0.27834544,negative
58,-8.333333,-9,0.62222224,negative
89,-2,-16.333334,0.40368655,positive
182,-16.88889,-22.222221,0.30405003,negative
120,-16.88889,-9.888889,0.5621582,negative
42,-14,-17,0.3346618,negative
130,0,0,0,negative
140,-13.666667,-3.3333333,0.73447025,negative
120,-5.111111,-2.4444444,0.962963,negative
72,-42.666668,-28.333334,0.3234209,negative
88,0.8888889,-16.444445,0.40511805,positive
180,-12,14.666667,0.3273826,negative
120,-4.6666665,-15.666667,0.39486286,positive
124,-6.888889,-3.8888888,0.97376543,negative
81,-21.777779,-26.11111,0.19307978,negative
138,5.4444447,-6.888889,0.603836,positive
130,4.4444447,-7.5555553,0.5701058,positive
182,-11.111111,-18.777779,0.28764573,negative
238,-7.7777777,14.888889,0.59701496,negative
138,-4.2222223,-2.8888888,1,negative
84,-4.6666665,-4,0.38048342,negative
196,-16.444445,-17.444445,0.29423782,negative
87,-16.333334,-18.333334,0.319706,negative
210,-16.555555,-20.88889,0.3142778,negative
41,-19.444445,-10.777778,0.112421244,negative
114,2,-7.6666665,0.6031746,positive
123,-3.5555556,-2.8888888,1,negative
157,-14.777778,-11.777778,0.43023896,negative
161,-9.888889,14.111111,0.39095718,negative
188,-18.333334,-21.666666,0.29629385,negative
142,6.3333335,-7,0.662037,positive
72,-8.777778,-19.11111,0.4368953,positive
107,-14.888889,-12.222222,0.5471734,negative
125,3.4444444,-7.888889,0.5456349,positive
13,-32.22222,-12.888889,0.17719091,negative
107,-5.6666665,-3.6666667,0.94708997,negative
85,2.7777777,-14.555555,0.39975148,positive
250,-8,13.666667,0.5633903,negative
128,-20.777779,-20.777779,0.31292745,negative
143,4.5555553,-7.111111,0.5952381,positive
64,-4,-14.666667,0.44109204,positive
134,-19.11111,-13.111111,0.45775157,negative
121,-10.777778,-14.444445,0.28057775,negative
42,-39.77778,-12.111111,0.24193405,negative
130,-3.7777777,-2.1111112,0.9777778,negative
71,-27,-23.333334,0.21226363,negative
192,-18.333334,-16.333334,0.27272084,negative
167,-5.111111,7.5555553,0.24844901,negative
75,-2.2222223,-17.555555,0.4235012,positive
119,-0.7777778,-16.444445,0.40821064,positive
116,-12.222222,-10.555555,0.39566323,negative
108,-24.11111,-9.777778,0.35897508,negative
118,-10.666667,-11.333333,0.29394883,negative
42,-15,-13.666667,0.27157217,negative
131,4.4444447,-6.888889,0.56613755,positive
28,-37.77778,-24.11111,0.25329855,negative
125,-5.111111,-11.777778,0.19248421,negative
125,-11.111111,-15.777778,0.27063802,negative
120,-25.555555,-16.555555,0.6812664,negative
64,-19,-2,0.40074632,negative
95,-2.5555556,-6.888889,0.51256585,negative
19,-21.555555,-19.222221,0.35522667,negative
108,-24.11111,-9.777778,0.35897508,negative
220,-9.222222,13.777778,0.41670507,negative
109,5.888889,-14.111111,0.38499743,positive
89,-6.3333335,-7.3333335,0.548545,negative
111,-25.11111,-11.111111,0.67951304,negative
123,4.4444447,-8.222222,0.5244709,positive
61,-7.2222223,-8.222222,0.64589113,negative
169,-6.4444447,15.555555,0.46356925,negative
96,-8,-4.6666665,0.91006523,negative
81,-1.1111112,-15.777778,0.41266233,positive
184,-10.333333,-17.333334,0.2758183,negative
136,-11.666667,-4,0.6950877,negative
123,-10.888889,-10.222222,0.4089133,negative
19,-32.88889,-13.888889,0.1855386,negative
35,-34.22222,-14.222222,0.19485293,negative
211,-10.555555,15.444445,0.37555233,negative
163,-16.333334,-7.6666665,0.2638465,negative
154,0,0,0,negative
175,-21.222221,-23.555555,0.31283396,negative
75,-49.666668,-32.333332,0.37868166,negative
190,-18.777779,-21.11111,0.3036015,negative
113,-10.444445,-8.444445,0.3500821,negative
128,-8.555555,-4.2222223,0.8047243,negative
194,-12.555555,-14.888889,0.28055963,negative
229,-7.888889,11.111111,0.3476919,negative
57,-4.888889,-19.555555,0.42569095,positive
183,-8.444445,-12.111111,0.2664361,negative
200,-20.777779,-25.444445,0.31254068,negative
188,-18.444445,-24.777779,0.3002418,negative
117,-16.444445,-15.777778,0.33502588,negative
120,-11.666667,-13.666667,0.2727516,negative
208,-11.111111,15.888889,0.36886615,negative
172,-13,-13.666667,0.26545405,negative
38,-24,-25,0.33601543,negative
125,-7.111111,-4.4444447,0.85319865,negative
154,-1.4444444,-2.1111112,1,negative
15,-19.222221,-8.555555,0.10463921,negative
46,-30.11111,-14.777778,0.17719495,negative
135,-12.444445,-12.444445,0.30882394,negative
102,-16.444445,-21.444445,0.30700684,negative
158,-4.888889,-6.888889,0.5205782,negative
13,-14.111111,-7.111111,0.07980576,negative
85,-19.333334,-18.666666,0.31522787,negative
39,-6.5555553,-7.888889,0.5760211,negative
95,-7.111111,-5.7777777,0.9195971,negative
92,-11.666667,-6.3333335,0.56489813,negative
182,-8.888889,-14.222222,0.29320765,negative
184,-6.2222223,12.111111,0.40555555,negative
32,-38.666668,-11,0.22074823,negative
61,-7.6666665,-8.333333,0.66625965,negative
107,-11.444445,-6.111111,0.69722587,negative
189,-8.222222,-10.222222,0.2712077,negative
146,1.6666666,-6.6666665,0.5714286,positive
129,-13.444445,-13.777778,0.3384073,negative
193,-23.222221,-22.222221,0.29957896,negative
68,-32,-25.333334,0.23914346,negative
52,-31.88889,-20.88889,0.21837935,negative
202,-20.444445,-22.777779,0.2978795,negative
94,-2.8888888,-3.2222223,0.9777778,negative
87,-24.777779,-24.11111,0.30969977,negative
92,-3.3333333,-17.333334,0.422223,positive
153,-1.1111112,-0.44444445,0.08501683,negative
194,-10.666667,11,0.35213172,negative
174,-11.888889,15.777778,0.38186744,negative
111,2.8888888,-7.7777777,0.56291884,positive
147,-1.4444444,-7.111111,0.6984448,positive
53,-19.666666,-13.333333,0.12111875,negative
100,-3.3333333,-1.3333334,0.9777778,negative
216,-11,13.666667,0.43169576,negative
25,-29.333334,-26.333334,0.3181906,negative
63,-7.888889,-7.2222223,0.54770046,negative
94,-15.222222,-12.555555,0.57665956,negative
94,-2.8888888,-3.2222223,0.9777778,negative
183,-15.444445,-22.11111,0.2986217,negative
131,0,0,0,negative
75,-7.888889,-18.555555,0.4296633,positive
85,-36.77778,-27.777779,0.2754667,negative
169,-11.444445,14.222222,0.40075645,negative
205,-18.88889,-22.222221,0.30391166,negative
187,-6.2222223,16.444445,0.46332908,negative
116,-1.4444444,-16.11111,0.40736422,positive
191,-5.2222223,-8.555555,0.2371126,negative
94,-6.4444447,-4.7777777,0.9861111,negative
226,-9.777778,14.555555,0.44245604,negative
31,-39.22222,-13.555555,0.23132005,negative
143,-1.2222222,-1.2222222,0.7777778,negative
144,-0.33333334,-0.6666667,0.37037036,negative
137,-3,-3.3333333,0.91798943,negative
118,3.6666667,-7.3333335,0.61706346,positive
189,-12,-14,0.30988368,negative
111,-11.333333,-9.333333,0.40922624,negative
139,-1.3333334,-1.3333334,0.7777778,negative
87,-24.777779,-24.11111,0.30969977,negative
86,-13.666667,-12.666667,0.63092834,negative
83,0.33333334,-15.333333,0.41007325,positive
57,-31,-12,0.17560509,negative
95,-14.222222,-3.5555556,0.6989016,negative
94,-12.666667,-13,0.45154575,negative
127,-16.444445,-13.777778,0.6014436,negative
78,-14.333333,-15.333333,0.33970988,negative
109,4.3333335,-14,0.37602362,positive
173,-20.666666,-23.666666,0.3183665,negative
151,-0.33333334,-0.33333334,0.22222222,negative
60,-29,-15,0.17584375,negative
36,0,0,0,negative
162,-17.222221,-10.222222,0.28552282,negative
40,0,0,0,negative
232,-5.111111,16.222221,0.50096595,negative
144,-3,-3,1,negative
187,-6.888889,12.777778,0.42836255,negative
141,-0.11111111,-0.11111111,0.11111111,negative
200,-19.11111,-23.11111,0.30018097,negative
113,-13.333333,-9.666667,0.32738453,negative
51,-28,-13.666667,0.1655495,negative
146,-7.7777777,-7.4444447,0.48786426,negative
120,-2.7777777,-2.7777777,1,negative
129,-16.777779,-13.777778,0.44974732,negative
136,-4.6666665,-5,0.84708995,negative
36,-8.777778,-8.444445,0.63492066,negative
193,-11.444445,-15.444445,0.27838665,negative
196,-16.666666,-18,0.2899971,negative
85,2.7777777,-14.555555,0.39975148,positive
175,-15.222222,15.111111,0.35148725,negative
78,-8.111111,-16.11111,0.25891644,negative
155,-10.555555,-8.222222,0.74729437,negative
185,-7.888889,10.777778,0.4351852,negative
30,-6.7777777,-7.111111,0.6137184,negative
13,-17.777779,-8.777778,0.099060155,negative
202,-21.333334,-21.333334,0.30251354,negative
98,-10.333333,-3.3333333,0.89084005,negative
155,-7.111111,-6.111111,0.3006237,negative
46,-18.222221,-11.888889,0.11065291,negative
122,-1,-1,1,negative
142,-6.5555553,-3.5555556,0.8135803,negative
184,-14.111111,-21.11111,0.30094525,negative
73,-1.8888888,-12.555555,0.1761556,negative
93,-4.3333335,-4.6666665,0.8783951,negative
146,-7.7777777,-7.4444447,0.48786426,negative
38,-19.222221,-22.222221,0.27165923,negative
107,-10.222222,-4.888889,0.7305922,negative
176,-19.666666,-22.333334,0.3181372,negative
204,-19.333334,-23,0.30252522,negative
35,-30.333334,-14.666667,0.17608316,negative
44,-4.2222223,-15.222222,0.45768142,positive
83,-11.555555,-17.555555,0.26060534,negative
182,-9.888889,-17.222221,0.2807636,negative
139,-20.333334,-22,0.27568987,negative
195,-20.777779,-24.444445,0.30559286,negative
13,-36.333332,-15,0.21508773,negative
115,-6.4444447,-2.4444444,0.91798943,negative
225,-5.2222223,15.444445,0.40115124,negative
144,3.5555556,-6.4444447,0.5746032,positive
46,-41.22222,-13.555555,0.24072178,negative
189,-21.222221,-20.88889,0.29552308,negative
189,-8.222222,17.777779,0.41042024,negative
94,-9.666667,-8.666667,0.6197129,negative
43,-28.777779,-16.11111,0.17494753,negative
17,-24.222221,-23.88889,0.28623843,negative
49,-7.111111,-11.111111,0.22118697,negative
20,-39.77778,-13.777778,0.24010754,negative
77,-22.11111,-12.111111,0.12738518,negative
109,-20.555555,-19.88889,0.32513812,negative
191,-23.666666,-26,0.31752294,negative
108,-11.111111,-9.111111,0.36533174,negative
114,-18.11111,-12.777778,0.4005362,negative
184,-12.666667,16.333334,0.3882103,negative
235,-7.2222223,10.777778,0.48219234,negative
233,-11.111111,13.222222,0.47822163,negative
133,-5.111111,-5.7777777,0.6304714,negative
204,-18.333334,-21.666666,0.29685017,negative
167,-7.2222223,-0.8888889,0.31450674,negative
247,-6.3333335,13,0.5634669,negative
197,-17,-18.666666,0.29632849,negative
181,-12.111111,15.555555,0.36658052,negative
33,-33.666668,-14,0.19121477,negative
140,-0.7777778,-1.7777778,0.8148148,negative
47,-41.666668,-23.333334,0.2759571,negative
113,4.111111,-7.5555553,0.56613755,positive
196,-16.88889,-16.222221,0.29404518,negative
134,-5.5555553,-4.888889,0.8292328,negative
70,-10.555555,-14.555555,0.27405116,negative
13,-29.11111,-24.11111,0.3114367,negative
188,-15.555555,-20.222221,0.3004298,negative
192,-3.8888888,11.444445,0.47623578,negative
68,-8.888889,-20.222221,0.4456523,positive
187,-14.444445,-19.777779,0.2973408,negative
242,-9.222222,12.111111,0.45454717,negative
162,-19,-10.333333,0.2984709,negative
227,-11.555555,10.111111,0.42550126,negative
215,-17.777779,19.222221,0.42076695,negative
182,-17.555555,-24.88889,0.3112005,negative
122,4.111111,-7.2222223,0.5515873,positive
68,-14.333333,-20,0.26505277,negative
207,-7.7777777,13.222222,0.43238926,negative
30,-40.88889,-13.555555,0.24233662,negative
101,-0.22222222,-16.222221,0.4047922,positive
126,5,-8,0.5813492,positive
235,-10,14.666667,0.5203994,negative
212,-6.111111,9.888889,0.51339465,negative
180,-20.555555,-25.555555,0.31801003,negative
117,2.6666667,-8,0.53858024,positive
130,-9.444445,-8.111111,0.5481241,negative
181,-7.5555553,12.777778,0.28569087,negative
121,4.7777777,-7.888889,0.5282187,positive
90,-18.555555,-14.222222,0.4967188,negative
133,-10.888889,-9.555555,0.62726945,negative
244,-9.777778,13.222222,0.44603544,negative
149,0,0,0,negative
90,-1.8888888,-17.555555,0.4204864,positive
62,-7,-8,0.6703704,negative
95,-0.22222222,-15.555555,0.39043593,positive
116,3,-7.6666665,0.54473305,positive
34,-42.77778,-22.777779,0.28352436,negative
138,-11.888889,-9.222222,0.6152501,negative
219,-7.4444447,11.555555,0.37191358,negative
240,-9.777778,13.222222,0.42162097,negative
104,-7.5555553,-6.888889,0.31471258,negative
83,-14.666667,-11.333333,0.50381,negative
63,-2.5555556,-14.222222,0.43502074,positive
218,-9.111111,12.222222,0.40134683,negative
101,-25.444445,-11.444445,0.14110672,negative
44,-14.777778,-15.777778,0.27198678,negative
133,0,0,0,negative
145,-10.666667,-9.333333,0.53272784,negative
181,-10.444445,-14.444445,0.2656194,negative
57,-33,-17,0.19892381,negative
117,-19,-18.666666,0.33047688,negative
189,-16,-20.666666,0.30134642,negative
18,-44.666668,-10.333333,0.2546684,negative
65,-43.666668,-27.666666,0.316474,negative
45,-4.111111,-16.444445,0.42816728,positive
51,-40.555557,-14.222222,0.25013667,negative
236,-4.888889,9.777778,0.37655354,negative
102,-12.777778,-4.7777777,0.5751263,negative
14,-41.22222,-12.555555,0.24229442,negative
201,-20.333334,-23.666666,0.3066086,negative
114,-5.2222223,-3.2222223,0.984127,negative
187,-12,19.333334,0.43121487,negative
163,-16.333334,-7.6666665,0.2638465,negative
89,-6.5555553,-5.888889,0.9861111,negative
90,-7.111111,-7.4444447,0.79721206,negative
40,-32.77778,-16.777779,0.19366461,negative
129,-1.5555556,-1.5555556,0.7777778,negative
81,-22.666666,-22.333334,0.30741948,negative
27,-16.555555,-8.888889,0.09626316,negative
188,-21.88889,-22.88889,0.30013013,negative
177,-13.333333,-21.333334,0.30596185,negative
49,-29.555555,-17.222221,0.1794131,negative
120,5.4444447,-7.888889,0.5694444,positive
223,-9.888889,19.11111,0.43312526,negative
186,-14.111111,-20.777779,0.30702683,negative
182,-10,-18,0.28187475,negative
186,-5.111111,16.555555,0.44266057,negative
76,-13.444445,-1.7777778,0.7230108,negative
138,-0.5555556,-0.5555556,0.09259259,negative
14,-41.11111,-13.777778,0.24216007,negative
92,-2,-17.666666,0.4143562,positive
115,-22.777779,-16.11111,0.5235376,negative
193,-17.333334,-19,0.30314395,negative
80,-1.4444444,-18.777779,0.4120944,positive
91,-1.4444444,-17.444445,0.420716,positive
19,-39.77778,-14.444445,0.23673333,negative
88,-27.11111,-23.777779,0.2046753,negative
113,3.2222223,-8.111111,0.56349206,positive
147,-0.22222222,-0.22222222,0.11111111,negative
25,-15.777778,-14.777778,0.2845817,negative
75,-22.666666,-8.666667,0.29780185,negative
59,-3.1111112,-17.777779,0.44514215,positive
89,-38.88889,-19.222221,0.25774616,negative
94,-13.666667,-13.333333,0.4521822,negative
195,-19.88889,-24.555555,0.30023456,negative
147,-3.7777777,-2.7777777,0.3494709,negative
208,-10.222222,13.777778,0.3831675,negative
79,-10.222222,-14.555555,0.2655346,negative
73,-30.222221,-14.888889,0.17863557,negative
67,-31.666666,-15,0.18855007,negative
88,-2.4444444,-16.444445,0.41330814,positive
192,-15.555555,-19.555555,0.3074729,negative
125,-18.333334,-23,0.2575994,negative
238,-7.5555553,16.444445,0.46145898,negative
128,4,-7.3333335,0.56150794,positive
137,-2.4444444,-2.7777777,1,negative
69,-13.777778,-2.7777777,0.5089938,negative
98,-9.555555,-5.2222223,0.8721458,negative
63,-6.2222223,-7.2222223,0.65353537,negative
42,-19.88889,-11.222222,0.115302496,negative
111,2.8888888,-7.7777777,0.56291884,positive
57,-43.77778,-25.11111,0.3088128,negative
137,-2.3333333,-2,1,negative
113,-32.333332,-16.666666,0.62207055,negative
196,-16.777779,-20.777779,0.29762968,negative
182,-7.6666665,-9.333333,0.25607783,negative
96,-3.1111112,-14.444445,0.17457852,negative
112,-12.222222,-10.888889,0.492526,negative
127,-8.222222,-14.222222,0.24899939,negative
210,-11.111111,15.555555,0.40393806,negative
232,-10.444445,13.888889,0.42348316,negative
219,-8.666667,17.666666,0.49459508,negative
114,5.3333335,-14,0.39369074,positive
81,-26.444445,-14.444445,0.42017567,negative
89,-12,-10.666667,0.47748852,negative
169,-11,8.333333,0.32496518,negative
128,5.5555553,-6.7777777,0.59391534,positive
141,0,0,0,negative
83,-48.22222,-30.555555,0.36206177,negative
188,-11,-13,0.29986525,negative
169,-13.444445,16.222221,0.3961213,negative
134,4.111111,-7.2222223,0.5299824,positive
108,-13.111111,-16.444445,0.27598566,negative
170,-13.333333,15.333333,0.38746688,negative
195,-4.7777777,12.888889,0.34230694,negative
149,-5.888889,-7.2222223,0.57870835,positive
209,-17.333334,-18.666666,0.30298224,negative
143,-22.11111,-21.11111,0.3412286,negative
45,-42.333332,-26,0.29741433,negative
128,-21.777779,-21.11111,0.34023675,negative
113,7.2222223,-13.777778,0.4513593,positive
201,-19.777779,-20.777779,0.30885938,negative
81,-10.444445,-15.444445,0.26725134,negative
147,-18,-20,0.30910617,negative
190,-18.555555,-17.88889,0.29895782,negative
155,-6.2222223,-6.2222223,0.3923854,negative
115,-19.11111,-12.777778,0.42149335,negative
93,-46.88889,-30.555555,0.36963773,negative
66,-4.2222223,-17.555555,0.43824613,positive
186,-13.222222,-21.555555,0.3072572,negative
140,-8.333333,-9.333333,0.26620623,negative
134,-1.5555556,-1.5555556,1,negative
134,-3.1111112,-3.1111112,1,negative
161,-16.444445,-12.444445,0.29470626,negative
181,-8.222222,15.444445,0.38555545,negative
119,-25.11111,-14.111111,0.6356236,negative
117,-7.6666665,-10,0.40220302,negative
40,-4.5555553,-13.888889,0.4630599,positive
56,-30.333334,-13.666667,0.17606053,negative
120,-4.3333335,-3.3333333,1,negative
57,-31.11111,-28.11111,0.33538663,negative
80,-25.333334,-7,0.28962377,negative
195,-17.333334,-21.666666,0.28835976,negative
203,-17.555555,-20.222221,0.28979304,negative
146,-18.777779,-19.444445,0.34745374,negative
58,-31.333334,-12,0.1809723,negative
129,-12.333333,-16.666666,0.24809188,negative
140,4.3333335,-7,0.5138889,positive
54,-37.22222,-15.222222,0.23450433,negative
131,-2,-4.3333335,0.9722222,negative
101,-0.22222222,-16.222221,0.4047922,positive
187,-18.333334,-23.333334,0.29855335,negative
64,-14.333333,-16,0.31010145,negative
78,-9.555555,-11.888889,0.30020806,negative
94,-12.666667,-13,0.45154575,negative
100,-15.111111,-19.444445,0.26862052,negative
147,0,0,0,negative
71,-31.222221,-13.555555,0.17967218,negative
117,-11.444445,-11.777778,0.30714995,negative
27,-17.88889,-9.888889,0.1044701,negative
242,-14.555555,19.444445,0.3716949,negative
116,3.2222223,-8.444445,0.5591711,positive
96,-18.11111,-21.444445,0.25459513,negative
226,-5.3333335,17,0.5483297,negative
16,-40.22222,-13.888889,0.23989888,negative
115,4.6666665,-8.333333,0.53858024,positive
181,-14.555555,19.777779,0.40955147,negative
190,-19.333334,-19.666666,0.28591606,negative
131,-1.4444444,-1.7777778,0.9259259,negative
191,-22.777779,-25.444445,0.3146827,negative
140,-15.333333,-12.333333,0.4443531,negative
99,-43.22222,-30.555555,0.33041757,negative
154,-8.444445,-7.111111,0.77151674,negative
111,4,-8,0.59126985,positive
108,-3.8888888,-0.5555556,0.8759259,negative
53,-26.444445,-24.777779,0.20048407,negative
107,3.4444444,-13.888889,0.3952535,positive
197,-9.222222,16.444445,0.51518697,negative
234,-5.2222223,9.111111,0.55661374,negative
134,5.111111,-6.5555553,0.6037037,positive
154,-0.8888889,-1.5555556,0.2888889,negative
49,-35.333332,-24.666666,0.246491,negative
85,-43,-30.333334,0.32860348,negative
62,-28,-25.666666,0.3227603,negative
17,-33.444443,-13.777778,0.18946369,negative
79,1.5555556,-14.111111,0.42233688,positive
120,-7.2222223,-1.8888888,0.8399471,negative
145,0,0,0,negative
133,5,-8.333333,0.53858024,positive
13,-47.666668,-25.333334,0.31315902,negative
131,0,0,0,negative
184,-5.6666665,15.333333,0.43115196,negative
34,-11,-8.666667,0.479958,negative
158,-3.7777777,-6.4444447,0.47297516,negative
61,-7.2222223,-8.222222,0.64589113,negative
111,-19.333334,-22.333334,0.29889232,negative
161,-4.7777777,-6.4444447,0.5409177,negative
120,-3.6666667,-2.3333333,0.984127,negative
62,-33.444443,-14.111111,0.19369136,negative
66,-43.333332,-27.666666,0.32066384,negative
97,-12.777778,-11.777778,0.4474942,negative
175,-12,-12,0.28683385,negative
93,-10.666667,-4.6666665,0.7601911,negative
93,0,0,0,negative
141,-11.555555,-8.555555,0.6402237,negative
188,-7.2222223,12.444445,0.3424082,negative
30,-31.666666,-17.333334,0.19250989,negative
193,-23.222221,-22.222221,0.29957896,negative
73,-9.222222,-5.2222223,0.82250714,negative
223,-5.3333335,11.333333,0.5931498,negative
106,1.3333334,-15,0.40322387,positive
76,-15.222222,-2.5555556,0.6374209,negative
116,-3.8888888,-4.888889,0.94074076,negative
115,3.1111112,-7.888889,0.5418871,positive
180,-15.555555,-20.222221,0.3009182,negative
84,-13.777778,-10.444445,0.40409946,negative
131,6,-6.6666665,0.5813492,positive
107,-13.666667,-17.666666,0.25266927,negative
105,-10.777778,-9.777778,0.36449948,negative
105,-21.222221,-8.222222,0.37578005,negative
245,-0.5555556,1.7777778,0.19104938,negative
124,-15.444445,-16.11111,0.31709695,negative
110,-24,-11.333333,0.6807869,negative
129,0.44444445,-1.2222222,0.09656084,negative
216,-10.888889,16.444445,0.44167453,negative
181,-20.222221,-25.222221,0.31734532,negative
137,-4.7777777,-5.4444447,0.7319224,negative
180,-7.4444447,12.555555,0.3762527,negative
66,-1.6666666,-9.666667,0.15200906,negative
137,-2.7777777,-1.7777778,0.95,negative
107,-7,-13,0.31155226,negative
52,-30.666666,-12.666667,0.17584935,negative
29,-27.666666,-15.666667,0.16561614,negative
186,-13.222222,-17.222221,0.26619545,negative
79,-8.777778,-15.444445,0.245206,negative
179,-12.888889,-18.88889,0.28268683,negative
194,-15.888889,-19.88889,0.30085307,negative
181,-19,-21.333334,0.30000642,negative
85,-12.444445,-18.777779,0.27872574,negative
240,-15.666667,20.666666,0.44580838,negative
126,3.5555556,-8.111111,0.5515873,positive
86,-38.666668,-16.333334,0.25155202,negative
144,-1,-1,0.7407407,negative
116,-1.4444444,-16.11111,0.40736422,positive
137,-2,-2,1,negative
88,-6.6666665,-8,0.61790985,negative
96,-9.333333,-4.3333335,0.82478386,negative
20,-26.222221,-23.222221,0.30955637,negative
17,-12.777778,-15.444445,0.26818594,negative
90,2,-14,0.38846022,positive
237,-4.888889,8.777778,0.54126585,negative
53,-10.666667,-14,0.2645635,negative
123,-2.8888888,-1.8888888,0.9814815,negative
152,0,0,0,negative
78,-8.111111,-16.11111,0.25891644,negative
135,-4.2222223,-3.8888888,0.88800704,negative
106,-3.1111112,-17.444445,0.42334643,positive
39,-32.22222,-13.888889,0.18324198,negative
67,-2.5555556,-18.555555,0.42989677,positive
21,-33.22222,-14.222222,0.18785286,negative
68,-1.2222222,-9.888889,0.16790761,negative
89,-6.5555553,-5.888889,0.9861111,negative
118,-2.6666667,-16,0.41688403,positive
104,-10.333333,-8.666667,0.37553233,negative
117,0,0,0,negative
187,-17.333334,-22.333334,0.30412614,negative
18,-34.88889,-14.222222,0.1971055,negative
208,-22.222221,-21.88889,0.32059526,negative
232,-6.6666665,10.333333,0.32791784,negative
35,-15.777778,-13.444445,0.103336096,negative
161,-18.11111,-10.777778,0.30298296,negative
95,-8.888889,-3.8888888,0.79410774,negative
92,-12.666667,-3,0.7590125,negative
244,-5.7777777,14.555555,0.48014903,negative
208,-9.333333,20.333334,0.4408947,negative
138,-16.555555,-19.88889,0.28091076,negative
188,-9.222222,-10.222222,0.2758629,negative
103,-14.555555,-14.222222,0.32391465,negative
223,-5.3333335,11.333333,0.5931498,negative
118,-3.5555556,-15.222222,0.3903984,positive
162,-17.444445,-9.777778,0.29110643,negative
138,-2.3333333,-3.6666667,1,negative
132,-3.8888888,-2.8888888,0.6768879,negative
160,-13.888889,-12.222222,0.4260139,negative
96,-24.444445,-25.11111,0.19773355,negative
85,-5.888889,-2.2222223,0.76296294,negative
116,-20.88889,-11.555555,0.5961039,negative
98,-3.5555556,-0.5555556,0.9166667,negative
82,-13,-15.666667,0.3038762,negative
113,-12,-7.6666665,0.30207062,negative
152,0,0,0,negative
104,-10.333333,-8.666667,0.37553233,negative
47,-31.11111,-14.777778,0.18101238,negative
41,-5.111111,-16.777779,0.4320471,positive
144,-2.8888888,-2.8888888,1,negative
116,-12.222222,-13.222222,0.30946052,negative
86,-13.888889,-5.5555553,0.6309454,negative
195,-15.666667,-17.666666,0.28878826,negative
110,0.33333334,-6.6666665,0.7083333,positive
62,-1.8888888,-16.222221,0.4194691,positive
147,0,0,0,negative
24,-20.555555,-15.555555,0.3086199,negative
26,-17.666666,-11.333333,0.10610159,negative
119,-4.3333335,-4,1,negative
116,2.7777777,-8.222222,0.5465168,positive
215,-17.11111,20.555555,0.40983668,negative
125,4.111111,-7.2222223,0.5297619,positive
58,-2.7777777,-16.444445,0.4347433,positive
190,-10.888889,-13.555555,0.30570525,negative
198,-7.3333335,15.666667,0.4115727,negative
160,-16.444445,15.888889,0.37821564,negative
133,-5.111111,-5.7777777,0.6304714,negative
116,-12.444445,-9.444445,0.31028613,negative
79,-41.555557,-14.888889,0.2580791,negative
21,-35.444443,-12.777778,0.19512747,negative
91,-17.555555,-7.5555553,0.34888473,negative
42,-30.11111,-14.111111,0.17463355,negative
67,-6.111111,-20.11111,0.42930815,positive
134,-3.3333333,-4.3333335,0.8740741,negative
47,-20.222221,-11.555555,0.11839892,negative
125,-4,-2.3333333,0.9238095,negative
192,-19,-22.666666,0.2993077,negative
111,-11.666667,-11.333333,0.4898966,negative
201,-13.888889,16.777779,0.3819119,negative
32,-33.666668,-16.333334,0.2018977,negative
140,-0.5555556,-0.5555556,0.24074075,negative
18,-35.11111,-19.444445,0.22572522,negative
100,-1.3333334,-17.333334,0.42199442,positive
111,-12.555555,-8.888889,0.31548372,negative
194,-12.111111,-14.111111,0.27541482,negative
25,-37.77778,-14.777778,0.22497466,negative
203,-12.222222,17.777779,0.39386794,negative
134,4.4444447,-7.2222223,0.5873016,positive
59,-3.5555556,-17.555555,0.41530126,positive
64,-1.4444444,-17.777779,0.42692268,positive
189,-6.111111,17.222221,0.50813884,negative
188,-21.666666,-23,0.29562417,negative
65,-12.111111,-11.111111,0.19713038,negative
133,-4.4444447,-2.4444444,0.8606061,negative
120,-4.2222223,-3.5555556,0.984127,negative
71,-2.6666667,-18,0.43356952,positive
208,-10.222222,15.111111,0.40212956,negative
71,-31.222221,-13.555555,0.17967218,negative
220,-4.888889,10.111111,0.48671728,negative
91,-6.5555553,-4.2222223,0.9398148,negative
102,-14.333333,-20,0.25975996,negative
103,-6.111111,-4.4444447,0.9876543,negative
93,-14.111111,-13.444445,0.5119048,negative
123,-20.555555,-17.222221,0.5595462,negative
179,-12.444445,-13.444445,0.30116582,negative
50,-23.555555,-21.222221,0.30477422,negative
122,-9.888889,-4.2222223,0.8093314,negative
34,-11,-8.666667,0.479958,negative
186,-14,-20.333334,0.30452195,negative
211,-9,9.666667,0.33542147,negative
183,-17.666666,-23.333334,0.30547154,negative
148,-11.888889,9.111111,0.4037081,negative
100,0.7777778,-15.555555,0.39433068,positive
92,-1.6666666,-18.333334,0.4209725,positive
89,-23.777779,-22.777779,0.31787068,negative
66,-11.444445,-17.444445,0.25210327,negative
130,-5.888889,-1.8888888,0.93121696,negative
158,-4.3333335,-7,0.50308645,negative
115,1.8888888,-14.444445,0.37532148,positive
130,5.4444447,-7.2222223,0.5010141,positive
180,-8.777778,-9.111111,0.23849043,negative
58,-38.11111,-15.111111,0.2375665,negative
123,3.8888888,-7.111111,0.53174603,positive
193,-15.555555,-18.222221,0.27526647,negative
39,-30.88889,-17.555555,0.18839076,negative
186,-8.222222,12.111111,0.4288645,negative
71,-18.88889,-6.2222223,0.39567065,negative
65,-20.88889,-20.88889,0.28732476,negative
83,-48.22222,-30.555555,0.36206177,negative
70,-25.555555,-20.222221,0.18609881,negative
141,-0.22222222,-0.22222222,0.22222222,negative
81,-23,-4.6666665,0.3669463,negative
159,-0.5555556,-4.888889,0.15127982,negative
239,-8.111111,10.222222,0.4459687,negative
170,-16,16.333334,0.34911168,negative
114,3.8888888,-6.4444447,0.5343915,positive
140,-11.777778,-3.7777777,0.627944,negative
122,-6,-9.666667,0.40249237,negative
44,-4.2222223,-15.222222,0.45768142,positive
41,-33.77778,-18.444445,0.2063918,negative
162,-19.88889,-11.888889,0.3015076,negative
158,-12.777778,-11.111111,0.41915956,negative
35,-23,-24.666666,0.2874884,negative
196,-16.444445,-17.444445,0.29423782,negative
89,-0.6666667,-1.3333334,0.0976431,negative
160,-21.777779,-17.777779,0.35212588,negative
128,-19.11111,-9.111111,0.6133847,negative
130,-16.777779,-14.777778,0.50544137,negative
73,-2.5555556,-15.888889,0.42697316,positive
91,-18.88889,-13.555555,0.48999,negative
176,-8.666667,12.333333,0.40773422,negative
160,-13.888889,-12.222222,0.4260139,negative
240,-7.111111,15.555555,0.47067475,negative
134,-15.111111,-6.4444447,0.772831,negative
152,-1.1111112,-1.7777778,0.537037,negative
139,4.3333335,-7.6666665,0.5326279,positive
89,-3.1111112,-3.7777777,0.8962963,negative
118,3.2222223,-6.7777777,0.5458554,positive
113,4.888889,-7.4444447,0.58002645,positive
116,2.4444444,-13.888889,0.44718736,positive
52,-31.88889,-20.88889,0.21837935,negative
149,-4,-5.6666665,0.5783389,positive
194,-20.333334,-23.666666,0.29590768,negative
136,-4.2222223,-4.2222223,0.87751323,negative
67,0.11111111,-1.2222222,0.23148148,negative
79,-10.888889,-4.5555553,0.8424523,negative
107,2.4444444,-15.555555,0.41378537,positive
133,-1.7777778,-1.7777778,1,negative
133,-1.1111112,-1.1111112,1,negative
187,-6,13.333333,0.35552603,negative
17,-23.555555,-24.88889,0.2848739,negative
180,-13.333333,-18,0.27882218,negative
162,-18,-9,0.30781415,negative
38,-34.555557,-15.888889,0.19997217,negative
138,-19.88889,-4.888889,0.60921985,negative
24,-29.88889,-12.222222,0.16939692,negative
116,3.2222223,-8.444445,0.5591711,positive
87,-13.444445,-11.777778,0.6593289,negative
197,-19,-23.333334,0.31473875,negative
111,-3.8888888,-2.8888888,1,negative
141,-4.3333335,-2,0.9777778,negative
25,-43.333332,-14,0.25541002,negative
49,-32.77778,-16.444445,0.19462235,negative
177,-11.444445,14.888889,0.3589904,negative
142,0,0,0,negative
93,-24.222221,-24.88889,0.3155379,negative
41,-0.44444445,-1.1111112,0.537037,negative
179,-6.111111,13.222222,0.41976216,negative
220,-3.8888888,8.777778,0.5039001,negative
122,-17.88889,-9.555555,0.584744,negative
154,-14.444445,-12.111111,0.47971532,negative
62,0,0,0,negative
176,-9.555555,16.777779,0.31604066,negative
12,-35.666668,-11.333333,0.19251962,negative
200,-5.7777777,11.222222,0.5153199,negative
83,-12.555555,-10.888889,0.48185185,negative
91,-37,-18.666666,0.2502041,negative
161,-15.333333,-12.333333,0.29805613,negative
77,-41.22222,-11.555555,0.2501428,negative
76,-12.333333,-17,0.25070548,negative
211,-7.7777777,12.888889,0.33385554,negative
87,-5.111111,-3.1111112,0.86277056,negative
123,-3.7777777,-2.7777777,0.96190476,negative
175,-8.777778,14.222222,0.38741234,negative
104,-11.222222,-3.2222223,0.6076133,negative
160,-20.777779,15.888889,0.36751375,negative
70,-14.777778,-1.1111112,0.47688422,negative
162,-16.88889,-9.888889,0.28965172,negative
154,-19.777779,-14.444445,0.45353317,negative
118,-0.11111111,-0.11111111,0.11111111,negative
56,-30.333334,-13.666667,0.17606053,negative
201,-13.555555,-12.555555,0.2753682,negative
57,-8.444445,-19.777779,0.44050935,positive
124,3.6666667,-7.3333335,0.5458554,positive
101,-2.6666667,-17.666666,0.43281928,positive
190,-18.777779,-21.11111,0.3036015,negative
199,-8.222222,15.777778,0.34806257,negative
161,-18.11111,-12.444445,0.30841646,negative
97,-6.2222223,-3.5555556,0.91534394,negative
92,-46.333332,-29,0.35122013,negative
82,-12.444445,-5.7777777,0.7428191,negative
18,-34.333332,-14.666667,0.21325745,negative
62,-6.888889,-8.222222,0.68080807,negative
120,-9.222222,-16.222221,0.2453213,negative
140,-1.6666666,-3.6666667,0.65608466,negative
24,-32.555557,-15.888889,0.19597653,negative
86,-1.4444444,-17.777779,0.40554056,positive
194,-16.88889,-18.222221,0.29836866,negative
209,-14.555555,19.444445,0.39033788,negative
17,-28.555555,-12.222222,0.1606036,negative
118,-2.7777777,-2.1111112,1,negative
152,-1.2222222,-1.8888888,0.43915343,negative
70,-9.222222,-13.888889,0.27335805,negative
201,-4.6666665,11.333333,0.54320127,negative
102,-13.666667,-18.333334,0.2694,negative
44,-25.666666,-25,0.33991683,negative
175,-8.777778,14.222222,0.38741234,negative
124,-4.6666665,-4,0.895369,negative
200,-17.777779,-22.11111,0.29683578,negative
165,-13.333333,16,0.43081954,negative
127,-25.777779,-11.777778,0.70147634,negative
89,-12,-11.333333,0.45909294,negative
94,-12.777778,-13.111111,0.45777184,negative
99,-12.777778,-12.111111,0.54147977,negative
137,5.7777777,-7.5555553,0.57363313,positive
116,-13.333333,-13.333333,0.35575584,negative
112,-8.111111,-2.1111112,0.86766475,negative
88,-11.111111,-3.4444444,0.85137916,negative
69,-12.555555,-2.2222223,0.6042809,negative
85,-1,-17,0.42873532,positive
182,-8.888889,-14.222222,0.29320765,negative
124,-6.888889,-3.8888888,0.97376543,negative
249,-9.222222,14.111111,0.28660962,negative
131,-1.5555556,-1.5555556,0.4074074,negative
243,-10.333333,14,0.4522286,negative
64,-6.111111,-7.7777777,0.6979798,negative
83,-18.11111,-22.11111,0.26032928,negative
109,-17.11111,-18.444445,0.3349617,negative
19,-18.666666,-7.3333335,0.10151485,negative
36,-8.222222,-8.222222,0.6486569,negative
73,-1.8888888,-12.555555,0.1761556,negative
80,-8.222222,-13.222222,0.24472968,negative
67,-28.222221,-21.88889,0.20770195,negative
193,-21,-24,0.30846536,negative
190,-14.111111,-19.444445,0.29078844,negative
80,-18.88889,-5.2222223,0.5142537,negative
189,-8.555555,-12.222222,0.29741284,negative
50,-23.333334,-22.333334,0.29016516,negative
76,-4.6666665,-2,0.87222224,negative
177,-14.222222,-21.88889,0.30621472,negative
121,-21.555555,-19.555555,0.3071933,negative
144,0,0,0,negative
222,-2.3333333,7.3333335,0.37369296,negative
90,-22.333334,-23.333334,0.18178941,negative
73,-14.222222,-14.222222,0.27433428,negative
89,-12,-10.666667,0.47748852,negative
42,-11.444445,-12.444445,0.33789337,negative
168,-12.666667,19,0.33538613,negative
70,-4.7777777,-19.11111,0.42128146,positive
68,-25.88889,-12.888889,0.41303283,negative
123,-22.333334,-21,0.29916364,negative
116,-12.222222,-11.888889,0.39214933,negative
187,-20.11111,-24.11111,0.30745777,negative
159,-2.6666667,-7.6666665,0.20284556,negative
135,-18.777779,-23.11111,0.25830337,negative
191,-9.222222,10.111111,0.3503698,negative
54,-20.333334,-13.333333,0.12431249,negative
150,0,0,0,negative
91,-11.444445,-6.111111,0.82302064,negative
198,-7.5555553,12.444445,0.4157716,negative
188,-9.444445,-12.111111,0.28414816,negative
39,-32.444443,-23.444445,0.22295359,negative
219,-10.333333,14.333333,0.42601216,negative
29,-43.444443,-25.777779,0.2972053,negative
104,0.11111111,-14.222222,0.38036656,positive
74,-3.1111112,-17.777779,0.4202516,positive
187,-16.333334,-24,0.29964966,negative
121,-11.111111,-13.444445,0.3134271,negative
54,-36.333332,-15,0.22967392,negative
135,-1.8888888,-3.8888888,0.9722222,negative
28,-45.444443,-11.777778,0.26183844,negative
133,-1.2222222,-1.8888888,0.962963,negative
197,-5.6666665,11.666667,0.61705947,negative
172,-7.6666665,15.666667,0.34374964,negative
196,-17.222221,-19.222221,0.2979628,negative
124,-14.333333,-17.666666,0.26124597,negative
152,0,0,0,negative
136,0,0,0,negative
195,-6.5555553,11.444445,0.5016835,negative
94,-1.6666666,-16.666666,0.42781135,positive
203,-7.2222223,17.444445,0.5144446,negative
19,-37.88889,-21.88889,0.2498948,negative
45,-36.88889,-14.555555,0.21017425,negative
244,-3.2222223,5.4444447,0.3833719,negative
50,-38.333332,-16.666666,0.2473368,negative
100,-9.444445,-5.111111,0.87633204,negative
22,-20.666666,-19,0.3194739,negative
142,4.5555553,-6.7777777,0.57473546,positive
136,-7.5555553,-5.888889,0.6577441,negative
134,-2.5555556,-3.5555556,0.8333333,negative
124,-4.6666665,-4,0.895369,negative
128,-2.2222223,-2.2222223,1,negative
183,-8.888889,-17.555555,0.28154,negative
51,-33.555557,-16.555555,0.19756877,negative
194,-21.11111,-20.11111,0.28679082,negative
96,-8.333333,-4.3333335,0.90923554,negative
187,-18.777779,-21.777779,0.29995137,negative
183,-15.888889,18.444445,0.44994184,negative
105,-7.4444447,-5.111111,0.88604844,negative
61,-3.2222223,-17.555555,0.41575083,positive
144,0,0,0,negative
121,-6.888889,-0.8888889,0.8435185,negative
120,-9.444445,-18.444445,0.22280817,negative
81,-14.444445,-4.7777777,0.6281558,negative
135,-2.3333333,-2.3333333,1,negative
189,-7.3333335,17.666666,0.49709514,negative
35,-38,-11,0.23116584,negative
236,-8.888889,7.111111,0.29272884,negative
185,-15.111111,-19.777779,0.30003616,negative
28,-34.555557,-13.888889,0.19951321,negative
189,-11.333333,-12.333333,0.29784104,negative
31,-29.11111,-14.111111,0.17071788,negative
215,-17.777779,19.222221,0.42076695,negative
110,-13.666667,-15.666667,0.24925283,negative
249,-10,17,0.39839673,negative
190,-10.555555,-11.222222,0.30038968,negative
95,-4.7777777,-0.11111111,0.8740741,negative
160,-20.333334,-12.333333,0.33961803,negative
15,-32.77778,-11.444445,0.17818023,negative
64,-25,-23.333334,0.31425992,negative
68,-0.7777778,-10.444445,0.17044854,negative
44,-42,-25.333334,0.30001867,negative
129,4.6666665,-7.6666665,0.54012346,positive
136,-1.7777778,-1.7777778,0.962963,negative
191,-21.777779,-25.11111,0.31901047,negative
90,-6.7777777,-5.4444447,0.9261464,negative
92,0.22222222,-15.444445,0.4288601,positive
182,-9,14.333333,0.31489658,negative
100,-10.444445,-5.111111,0.7380342,negative
156,-10.444445,14.555555,0.38463837,negative
131,4.7777777,-6.888889,0.515873,positive
131,-1.8888888,-2.2222223,0.77037036,negative
176,-10.111111,14.555555,0.35206997,negative
12,-7.111111,-8.111111,0.6873016,negative
159,-4.5555553,-5.888889,0.5416667,negative
30,-40.666668,-12.666667,0.24285044,negative
143,5.6666665,-8,0.60119045,positive
16,-38.11111,-19.777779,0.2440208,negative
124,3.4444444,-8.555555,0.5311728,positive
98,-15.888889,-19.555555,0.28510964,negative
198,-18.333334,-19.333334,0.29970714,negative
129,4.7777777,-7.888889,0.5418871,positive
196,-19.777779,-22.444445,0.28752622,negative
47,-29.222221,-18.555555,0.18354028,negative
156,-19.11111,13.888889,0.38903406,negative
110,-13.222222,-9.888889,0.3074441,negative
76,-46.555557,-32.88889,0.3601942,negative
115,-2.1111112,-15.777778,0.3973624,positive
233,-6.4444447,18.88889,0.554881,negative
111,-11.333333,-13,0.29035455,negative
28,-46.22222,-12.888889,0.26754448,negative
88,-7,-4,0.93849206,negative
100,-9.888889,-6.5555553,0.7738155,negative
113,-11.888889,-10.888889,0.4148072,negative
88,-7.888889,-5.2222223,0.92957354,negative
189,-8.777778,-11.111111,0.26298115,negative
222,-5.4444447,16.88889,0.58765954,negative
184,-12.222222,13.777778,0.39835298,negative
148,0,0,0,negative
173,-10.777778,15.555555,0.39643326,negative
65,-21.88889,-22.88889,0.31478265,negative
31,-16.88889,-10.222222,0.100709505,negative
86,-6.111111,-6.4444447,0.5942257,negative
91,0.11111111,-14.555555,0.39415666,positive
180,-9.444445,18.88889,0.3588616,negative
33,-40.666668,-21.333334,0.25913006,negative
115,-7.2222223,-3.2222223,0.9543651,negative
121,-4.3333335,-16.666666,0.4155243,positive
46,-40.88889,-23.222221,0.27150124,negative
73,-10.444445,-4.111111,0.7899301,negative
190,-15.111111,-18.444445,0.2956214,negative
75,-24.777779,-13.111111,0.46491185,negative
192,-20.222221,-24.88889,0.32401717,negative
184,-8.222222,-9.555555,0.23234288,negative
162,-14.888889,16.11111,0.34703225,negative
123,-2.1111112,-1.7777778,1,negative
126,-7.2222223,-3.5555556,0.93570626,negative
233,-14.777778,19.88889,0.34575516,negative
95,-10.888889,-2.8888888,0.90709877,negative
162,-19.333334,-12,0.30018225,negative
66,-0.33333334,-15.666667,0.43785483,positive
122,3.6666667,-7.6666665,0.55180776,positive
57,-18.777779,-22.444445,0.26677614,negative
144,0,0,0,negative
238,-8.333333,12,0.3152556,negative
185,-10,-11.333333,0.27036038,negative
103,4.5555553,-13.444445,0.39890292,positive
79,-47.666668,-30,0.36217153,negative
90,-7.5555553,-5.888889,0.904321,negative
136,-16.555555,-9.555555,0.6957549,negative
36,-39.77778,-15.444445,0.23908533,negative
60,-1.7777778,-15.777778,0.43048432,positive
119,-8.222222,-6.888889,0.58956474,negative
189,-11.333333,-13.333333,0.31536263,negative
245,-6.888889,14.777778,0.57276654,negative
36,-40.444443,-26.11111,0.2846535,negative
194,-22,-24,0.30925295,negative
68,-39.444443,-17.444445,0.25415963,negative
162,-9.666667,14.666667,0.34003016,negative
165,-15.111111,-6.111111,0.2736466,negative
25,-35.11111,-13.444445,0.19609308,negative
104,-16.555555,-21.555555,0.25469732,negative
250,-8,13.666667,0.5633903,negative
137,-6.111111,-10.111111,0.2144562,negative
187,-20.11111,-24.11111,0.30745777,negative
190,-19,-19,0.27956137,negative
80,-8.222222,-13.222222,0.24472968,negative
194,-17.666666,-19.333334,0.30066735,negative
195,-9.222222,16.11111,0.43448815,negative
143,4.111111,-6.888889,0.5564374,positive
48,-21.88889,-11.888889,0.1269675,negative
72,-8.888889,-5.888889,0.84168977,negative
159,-2.6666667,-7.6666665,0.20284556,negative
125,3.4444444,-7.888889,0.5456349,positive
75,-30.555555,-14.888889,0.17935319,negative
145,-1.5555556,-0.22222222,0.25185186,negative
139,3.6666667,-7,0.5667989,positive
92,-0.8888889,-14.222222,0.40102458,positive
193,-21,-24,0.30846536,negative
103,-18.333334,-22.666666,0.271568,negative
172,-12.111111,-12.777778,0.24983571,negative
194,-10.666667,20.333334,0.42249063,negative
15,-40.88889,-13.888889,0.24157602,negative
88,-14.111111,-12.444445,0.6417749,negative
93,-13.111111,-12.777778,0.55917877,negative
211,-13.222222,17.11111,0.38528243,negative
77,-16,-19.333334,0.25532874,negative
60,-3.8888888,-18.222221,0.44663557,positive
191,-23.444445,-24.444445,0.3208649,negative
215,-9.555555,12.111111,0.4410489,negative
11,-19.666666,-2.6666667,0.09277301,negative
235,-14.333333,20,0.35188085,negative
145,4.888889,-5.111111,0.6005291,positive
133,-0.8888889,-0.8888889,0.8888889,negative
30,-7.111111,-6.7777777,0.5185864,negative
105,-12.555555,-9.222222,0.3374935,negative
152,-1.1111112,-1.7777778,0.537037,negative
120,-6.888889,-4.888889,0.8930539,negative
58,-38.22222,-13.888889,0.23814337,negative
115,-19,-5.3333335,0.6183277,negative
218,-9,12.333333,0.5692659,negative
238,-10.777778,12.555555,0.44550914,negative
124,4.2222223,-8.111111,0.56349206,positive
124,-2.7777777,-1.7777778,0.9537037,negative
81,-42.11111,-14.777778,0.26421982,negative
66,-43,-28.666666,0.32571116,negative
107,-4.6666665,-3.6666667,0.9814815,negative
21,-19.666666,-20.333334,0.2570597,negative
29,-40.555557,-14.888889,0.24509327,negative
207,-19.11111,-20.777779,0.2906682,negative
238,-3.2222223,11.777778,0.54054004,negative
62,-27.11111,-24.444445,0.32936445,negative
246,0.44444445,-2.5555556,0.16335146,negative
127,-8.222222,-14.222222,0.24899939,negative
88,-12.333333,-8.666667,0.3786151,negative
144,0,0,0,negative
39,-40.666668,-13.666667,0.24145858,negative
162,-16.333334,13.333333,0.33512673,negative
103,-20,-21.333334,0.28739437,negative
30,-37.444443,-13.111111,0.22538376,negative
121,-16.222221,-9.222222,0.5964221,negative
185,-15.111111,-19.777779,0.30003616,negative
177,-11.444445,14.888889,0.3589904,negative
139,-6.2222223,-7.2222223,0.38661182,negative
108,-12,-12.666667,0.26675764,negative
110,-4.3333335,-5.3333335,0.67526454,negative
105,-15.888889,-19.222221,0.25904787,negative
15,-27.222221,-24.88889,0.30227023,negative
239,-8.777778,10.555555,0.34430414,negative
77,-13.444445,-2.7777777,0.7620489,negative
177,-11.111111,13.555555,0.3963988,negative
247,-2.4444444,-7.111111,0.21578804,negative
108,-2.7777777,-16.11111,0.41213372,positive
77,-3.2222223,-18.222221,0.4076231,positive
105,-7.5555553,-6.2222223,0.35376814,negative
62,-27.222221,-12.888889,0.16165799,negative
94,-43.22222,-28.555555,0.3215052,negative
26,-16.777779,-12.444445,0.105127536,negative
189,-21.222221,-20.88889,0.29552308,negative
109,-13.888889,-9.222222,0.33195418,negative
107,3,-15,0.39465594,positive
98,0.33333334,-15.333333,0.38914663,positive
62,-27.777779,-21.11111,0.20227888,negative
17,-32.333332,-9.666667,0.17262767,negative
93,-13.555555,-11.888889,0.57700235,negative
192,-22.11111,-24.777779,0.3126096,negative
152,-1.5555556,-2.5555556,0.64867723,negative
143,0,0,0,negative
106,-1.6666666,-1.6666666,1,negative
112,-12.888889,-9.222222,0.32174963,negative
176,-14.555555,-20.88889,0.3024212,negative
159,-15.888889,-12.888889,0.29484537,negative
93,-12.777778,-13.111111,0.44337976,negative
135,-19.11111,-20.777779,0.3346597,negative
141,0,0,0,negative
89,-1.6666666,-16,0.4004446,positive
184,-8.777778,-10.111111,0.25072145,negative
232,-6.7777777,11.555555,0.49138823,negative
51,-36.88889,-16.555555,0.21381323,negative
124,-3.2222223,-3.2222223,1,negative
111,4.4444447,-7.2222223,0.56415343,positive
190,-15.222222,-21.222221,0.29773334,negative
125,-22.333334,-14,0.6384555,negative
65,-8.444445,-7.7777777,0.5834605,negative
195,-6.7777777,16.222221,0.5177167,negative
196,-17.444445,-19.11111,0.2976887,negative
129,-1.5555556,-1.5555556,1,negative
185,-4.2222223,13.777778,0.44541803,negative
194,-14.555555,-16.555555,0.29197225,negative
204,-14,19.666666,0.43934208,negative
99,-5.7777777,-4.7777777,0.9861111,negative
97,-5.4444447,-13.444445,0.1993515,negative
21,-36.444443,-14.111111,0.20358202,negative
246,-10.333333,13.666667,0.3959547,negative
30,-37.444443,-13.111111,0.22538376,negative
35,-30.333334,-16.333334,0.183109,negative
111,-12.444445,-13.444445,0.34932512,negative
114,-2.8888888,-3.5555556,0.88148147,negative
185,-19.11111,-21.777779,0.30228263,negative
251,2.3333333,6.3333335,0.23141664,negative
129,5.3333335,-8,0.53055555,positive
128,5.3333335,-8,0.5974427,positive
62,-26.777779,-14.777778,0.16222528,negative
192,-15.777778,-18.11111,0.3026748,negative
86,-13.333333,-12,0.6295031,negative
80,-21.333334,-20,0.2908336,negative
187,-20.333334,-22.666666,0.29269224,negative
109,-39.11111,-20.11111,0.26811782,negative
189,-9,-10.666667,0.27147257,negative
70,-14.444445,-2.4444444,0.4158355,negative
71,-1.4444444,-9.777778,0.16604693,negative
21,-28.11111,-11.111111,0.15667991,negative
64,-5.6666665,-8,0.5791423,negative
124,-5.4444447,-2.7777777,0.8367725,negative
191,-13,-18.333334,0.27976418,negative
206,-21.555555,-21.88889,0.30568013,negative
34,-16.777779,-12.111111,0.1045387,negative
127,-7.4444447,-1.4444444,0.8272487,negative
94,-8,2.3333333,0.60978836,negative
145,-0.6666667,-1.3333334,0.5277778,negative
162,-10.666667,15,0.38252184,negative
119,-18.777779,-13.777778,0.42571348,negative
189,-8.777778,-11.111111,0.2663022,negative
180,-15.333333,17,0.38142902,negative
210,-10.555555,13.444445,0.4604365,negative
141,-8.444445,-4.7777777,0.95308644,negative
102,-19.777779,-6.111111,0.3978916,negative
100,-15.111111,-19.444445,0.26862052,negative
150,0,0,0,negative
31,-18.11111,-10.777778,0.10761623,negative
125,-15.333333,-15,0.3218254,negative
130,-2.3333333,-2.3333333,1,negative
124,4.2222223,-8.111111,0.56349206,positive
34,-24.11111,-24.11111,0.34747013,negative
189,-7.6666665,13.333333,0.43944263,negative
161,-11.777778,17.88889,0.39559862,negative
133,-21.333334,-20.333334,0.33914515,negative
236,-9.555555,14.111111,0.42423514,negative
77,-11.333333,-4.3333335,0.8916084,negative
135,-1.4444444,-3.7777777,1,negative
76,-8.888889,-12.555555,0.2703099,negative
90,-12.666667,-7.3333335,0.7629189,negative
58,-47.444443,-30.11111,0.35133117,negative
65,-31,-17,0.18565786,negative
20,-10.444445,-11.444445,0.26195785,negative
102,-17,-20,0.27435303,negative
150,-13.555555,-11.888889,0.44157267,negative
145,0,0,0,negative
20,-33,-13.666667,0.18889166,negative
81,-44.88889,-33.88889,0.34790245,negative
93,-9,-4,0.8086198,negative
154,-0.22222222,-0.22222222,0.22222222,negative
247,-9.222222,9.777778,0.4018332,negative
93,-25.222221,-21.88889,0.1883132,negative
226,-12,18.666666,0.424404,negative
61,-4.2222223,-16.88889,0.43704242,positive
95,-0.22222222,-15.555555,0.39043593,positive
95,-9.666667,-4,0.8749174,negative
58,-35.666668,-14.666667,0.20650265,negative
236,-8.888889,7.111111,0.29272884,negative
86,-13.666667,-10.666667,0.44469786,negative
79,-25.333334,-13.666667,0.48906165,negative
68,-0.11111111,-15.777778,0.46200204,positive
34,-35.444443,-14.111111,0.19951604,negative
98,-45,-28.666666,0.3382884,negative
144,-1.1111112,-1.7777778,0.8611111,negative
26,-41.666668,-14.333333,0.24869815,negative
194,-18.222221,-19.555555,0.27344358,negative
91,-8.111111,-6.111111,0.94481075,negative
72,-7.3333335,-20.333334,0.45092598,positive
180,-12.555555,14.777778,0.48688295,negative
161,-16.222221,-11.555555,0.28212494,negative
135,-2.8888888,-2.5555556,1,negative
81,-7.4444447,-4.4444447,0.88121694,negative
106,-8,-4.6666665,0.9035714,negative
145,0,0,0,negative
66,-9.222222,-20.222221,0.4305578,positive
113,-0.7777778,-14.777778,0.39658895,positive
215,-5.4444447,12.888889,0.6037037,negative
42,-7.7777777,-17.777779,0.46275216,positive
20,-31.666666,-14.333333,0.18147528,negative
92,2.5555556,-14.444445,0.37657413,positive
195,-16.666666,-17.333334,0.29058507,negative
117,-0.33333334,-15,0.38262922,positive
144,0,0,0,negative
123,-4.5555553,-3.5555556,1,negative
106,-5.5555553,-2.5555556,0.9517196,negative
91,-9,-3.6666667,0.9114478,negative
127,-17.444445,-18.777779,0.31732458,negative
44,-31.11111,-11.777778,0.17842785,negative
141,-14.333333,-3.3333333,0.58577543,negative
70,-23,-24.666666,0.31436473,negative
221,-5.6666665,17.666666,0.5491797,negative
143,-9.888889,-5.888889,0.915376,negative
112,2.3333333,-8,0.5591711,positive
133,4,-8.333333,0.5582011,positive
126,-13.333333,-11,0.437078,negative
70,-2,-17.333334,0.40601462,positive
135,4.7777777,-7.5555553,0.5994268,positive
111,3,-7.6666665,0.60119045,positive
183,-11.888889,15.111111,0.38988227,negative
124,-21.333334,-7,0.6911226,negative
149,-14.111111,-11.777778,0.4451721,negative
89,-14.111111,-5.7777777,0.6866853,negative
193,-8.555555,14.444445,0.37887058,negative
132,-1.8888888,-1.8888888,0.9814815,negative
166,-13.888889,15.777778,0.4462137,negative
114,-14.222222,-12.222222,0.5462072,negative
54,-5.4444447,-18.444445,0.4321665,positive
36,-20.222221,-12.222222,0.12003023,negative
185,-12.888889,-17.222221,0.28574014,negative
121,-20.333334,-19.333334,0.30067223,negative
64,-5.5555553,-17.222221,0.42481935,positive
195,-16.222221,-15.222222,0.2929567,negative
202,-18,-21,0.2845155,negative
13,-9.555555,-10.222222,0.63273925,negative
131,0,0,0,negative
124,3.6666667,-7.3333335,0.5458554,positive
181,-11.555555,14.111111,0.3576681,negative
128,4.111111,-7.888889,0.56371254,positive
186,-9.555555,10.444445,0.30188268,negative
72,-30.666666,-14.333333,0.17933026,negative
164,-6.3333335,9.333333,0.367923,negative
90,-22.555555,-21.222221,0.27834544,negative
98,-8.888889,-12.222222,0.2656978,negative
81,-44.22222,-33.88889,0.35003868,negative
82,-40.88889,-17.222221,0.2620926,negative
83,1.1111112,-14.555555,0.39992693,positive
210,-11.666667,14.333333,0.43576914,negative
174,-7.5555553,17.444445,0.32797024,negative
248,-11,16.333334,0.2916751,negative
135,-1.4444444,-1.4444444,1,negative
205,-16.11111,-18.444445,0.28757253,negative
83,-11.666667,-9.666667,0.6765811,negative
74,-38.22222,-25.88889,0.2767844,negative
90,-7.4444447,-7.4444447,0.5339284,negative
134,-5.5555553,-4.888889,0.8292328,negative
153,0,0,0,negative
137,-4.6666665,-5,0.77248675,negative
43,-29.444445,-24.11111,0.3351151,negative
220,-4.888889,10.111111,0.48671728,negative
218,-9.111111,12.555555,0.38645566,negative
190,-16.666666,-19,0.2921254,negative
243,-10.333333,14,0.4522286,negative
188,-14.888889,-19.88889,0.29399088,negative
124,-10.444445,-5.4444447,0.7721516,negative
199,-19.333334,-22.666666,0.30349702,negative
110,2.8888888,-13.444445,0.36884832,positive
116,-9.888889,-9.222222,0.42083883,negative
237,-9.111111,12.555555,0.39798474,negative
123,-14.777778,-18.444445,0.2511938,negative
113,-0.7777778,-14.777778,0.39658895,positive
97,-6,-4.3333335,0.984127,negative
148,-2,-2.3333333,0.61296296,negative
21,-10.888889,-14.888889,0.2745188,negative
108,4,-14.333333,0.38875645,positive
95,-11.888889,-16.555555,0.2645714,negative
119,-10.888889,-14.222222,0.27171725,negative
172,-11.222222,14.444445,0.40983546,negative
186,-14.333333,-20.666666,0.30344796,negative
102,-2.8888888,-17.222221,0.41776258,positive
193,-23.777779,-24.444445,0.310288,negative
107,6.2222223,-14.444445,0.39931142,positive
192,-16.222221,-20.222221,0.32560807,negative
131,4.6666665,-7,0.5928131,positive
33,-34,-15,0.19629721,negative
102,-6.6666665,-3.6666667,0.89973545,negative
67,-23.222221,-22.222221,0.303044,negative
118,-14.888889,-18.88889,0.26555753,negative
126,-16.444445,-21.444445,0.28073832,negative
91,-11.222222,-3.8888888,0.82974845,negative
186,-12.222222,-13.555555,0.30228558,negative
25,-43.555557,-26.222221,0.29752782,negative
12,-7.111111,-8.111111,0.6873016,negative
154,-0.5555556,-1.2222222,0.2777778,negative
187,-13.222222,-20.88889,0.30575457,negative
188,-15.111111,-21.11111,0.30923617,negative
86,-6.7777777,-18.777779,0.4214949,positive
111,3.5555556,-7.4444447,0.56613755,positive
77,-3.1111112,-18.11111,0.41573665,positive
98,-11.666667,-13.333333,0.34639803,negative
71,-32.22222,-16.222221,0.19431558,negative
75,-2.5555556,-17.88889,0.40211964,positive
199,-5,14.666667,0.40888458,negative
234,-3.3333333,12,0.62132436,negative
96,-10.888889,-5.888889,0.7788625,negative
184,-15.111111,-23.11111,0.2956001,negative
129,4.6666665,-7.6666665,0.54012346,positive
37,-47.444443,-28.11111,0.3384867,negative
110,-4.6666665,-3.6666667,0.9777778,negative
18,-19.333334,-10.666667,0.11121766,negative
135,-2.2222223,-1.8888888,0.8888889,negative
203,-7.4444447,16.88889,0.53894526,negative
122,-24.444445,-12.111111,0.71822083,negative
67,-41.88889,-16.555555,0.26643977,negative
126,-4.2222223,-2.5555556,1,negative
78,-15.222222,-15.222222,0.39203387,negative
60,-4,-17.666666,0.420823,positive
187,-15.111111,-20.11111,0.3067255,negative
147,-1.4444444,-5.111111,0.46406928,negative
39,-32.444443,-23.444445,0.22295359,negative
111,5.2222223,-8.111111,0.5813492,positive
140,4.6666665,-7.6666665,0.537017,positive
92,-11.222222,-10.555555,0.53354967,negative
129,-1.5555556,-1.5555556,1,negative
198,-20,-22.666666,0.2963139,negative
96,0.6666667,-17,0.40645057,positive
154,-0.7777778,-0.7777778,0.5555556,negative
139,-3.8888888,-3.8888888,1,negative
186,-12.666667,-19.333334,0.29042712,negative
147,-4,-8.666667,0.64367795,positive
177,-9.888889,19.11111,0.3211389,negative
127,-6.5555553,-1.8888888,0.91534394,negative
41,-28.555555,-24.88889,0.20829348,negative
115,-2.6666667,-13,0.42553785,positive
110,-5.111111,-4.111111,0.984127,negative
75,-11.777778,-13.777778,0.27505925,negative
60,-6.2222223,-19.222221,0.4223002,positive
96,-22.444445,-22.777779,0.29722086,negative
148,-0.11111111,-0.11111111,0.11111111,negative
178,-15.888889,-16.88889,0.2898632,negative
101,-22.444445,-22.777779,0.28936154,negative
101,-18.11111,-18.11111,0.32273299,negative
200,-13.888889,-17.555555,0.29278436,negative
173,-19.88889,-23.222221,0.32108474,negative
25,-30.666666,-12.333333,0.17250364,negative
25,-30.666666,-12.333333,0.17250364,negative
80,-10.444445,-4.7777777,0.59776545,negative
145,-1.5555556,-0.22222222,0.25185186,negative
73,-2.5555556,-12.222222,0.18437627,negative
90,-6.3333335,3,0.66534394,negative
110,-7.5555553,0.11111111,0.80665785,negative
193,-20.11111,-24.11111,0.3140923,negative
211,-8.555555,10.777778,0.3748065,negative
200,-21.333334,-20,0.31303197,negative
39,-32.88889,-13.222222,0.18426341,negative
115,3,-8.333333,0.53858024,positive
58,-35.444443,-14.111111,0.20414667,negative
105,-16.666666,-23,0.26498562,negative
118,4.7777777,-7.5555553,0.5376984,positive
139,-6.2222223,-7.2222223,0.38661182,negative
127,-1.8888888,-1.8888888,1,negative
159,-15.888889,-12.888889,0.29484537,negative
123,-14.444445,-19.444445,0.2805935,negative
120,-10.888889,-6.5555553,0.8228925,negative
152,-16.11111,13.888889,0.337989,negative
130,-1.5555556,-3.5555556,1,negative
180,-8.333333,-10.666667,0.25295278,negative
154,-5.2222223,-4.888889,0.8153439,negative
137,-1.2222222,-1.8888888,0.75,negative
227,-9.555555,14.444445,0.45836443,negative
197,-7.2222223,7.4444447,0.322069,negative
112,-0.44444445,-0.44444445,0.22222222,negative
66,-22,-21.666666,0.17412825,negative
12,-35.444443,-13.444445,0.20767513,negative
68,-0.5555556,-1.2222222,0.11574074,negative
95,-24.555555,-23.555555,0.3377558,negative
53,-33.333332,-11,0.18721664,negative
195,-16.333334,-16,0.2902986,negative
104,-2.6666667,-17,0.43039906,positive
49,-37.77778,-18.11111,0.22387896,negative
186,-13.888889,-21.222221,0.30616122,negative
45,-14.888889,-17.222221,0.25936732,negative
119,-6.7777777,-0.44444445,0.7329263,negative
198,-19.333334,-22.666666,0.29965425,negative
135,-18.666666,-13,0.45423168,negative
190,-21,-24.333334,0.30879894,negative
215,-8.222222,12.777778,0.34176603,negative
136,4.5555553,-7.4444447,0.52954143,positive
191,-9.222222,10.111111,0.3503698,negative
139,-2,-1.3333334,1,negative
114,4.7777777,-12.555555,0.40864444,positive
180,-21.555555,-24.88889,0.30690557,negative
211,-9,9.666667,0.33542147,negative
164,-4.111111,16.222221,0.330345,negative
154,-6.4444447,-6.4444447,0.6248002,negative
114,4,-7.6666665,0.53791887,positive
185,-4.2222223,13.777778,0.44541803,negative
48,-30.444445,-16.777779,0.18736246,negative
163,-18.666666,-10.333333,0.29754734,negative
134,-5,-1.3333334,0.9777778,negative
206,-7.5555553,12.111111,0.3273603,negative
74,-38.22222,-25.88889,0.2767844,negative
73,0.44444445,-15.555555,0.42150384,positive
113,-11.888889,-10.888889,0.4148072,negative
78,-30.222221,-25.88889,0.32548746,negative
138,-0.7777778,-0.44444445,0.33333334,negative
85,-4,-1,0.912963,negative
196,-19.777779,-22.444445,0.28752622,negative
86,-2.2222223,-18.88889,0.42459705,positive
183,-8.111111,16.88889,0.42024404,negative
119,-10.888889,-14.222222,0.27171725,negative
175,-8.666667,14.666667,0.2849537,negative
249,-1.6666666,4.6666665,0.30902183,negative
235,-11.555555,10.777778,0.3880957,negative
111,-0.44444445,-14.444445,0.39170122,positive
104,1.5555556,-15.111111,0.4100093,positive
105,-13.555555,-18.222221,0.29599184,negative
114,3.3333333,-8,0.5674603,positive
196,-3.6666667,15.333333,0.4405804,negative
106,0,-15.333333,0.40815476,positive
191,-15.666667,-18.333334,0.28958246,negative
111,-8,-4.6666665,0.8646644,negative
38,-39.11111,-14.777778,0.23576024,negative
182,-7.888889,-14.555555,0.24779001,negative
138,4.6666665,-7.3333335,0.5674603,positive
159,-16,-11.666667,0.28921792,negative
181,-8,13.666667,0.44597858,negative
138,-5.2222223,-5.2222223,0.79960316,negative
33,-41.444443,-12.777778,0.24777646,negative
101,1.8888888,-15.444445,0.41026655,positive
124,-8.111111,-14.777778,0.27147377,negative
142,5.888889,-7.111111,0.646164,positive
114,-12.555555,-9.222222,0.33188802,negative
181,-7.5555553,12.777778,0.28569087,negative
199,-13.222222,12.111111,0.39300215,negative
200,-14.333333,-17,0.28666258,negative
90,-22.777779,-22.444445,0.17969723,negative
111,-20.88889,-23.222221,0.29966387,negative
200,-20.88889,-21.88889,0.3098264,negative
45,-14.888889,-17.222221,0.25936732,negative
245,-0.5555556,1.7777778,0.19104938,negative
80,-24.555555,-24.222221,0.19805206,negative
68,-14.333333,-20,0.26505277,negative
126,-15.888889,-5.2222223,0.7364309,negative
125,-15.444445,-23.11111,0.2598418,negative
132,5.111111,-6.5555553,0.5299824,positive
183,-12.333333,14.666667,0.39236423,negative
101,-25.444445,-11.444445,0.14110672,negative
155,-10,18,0.31808975,negative
99,-9.111111,-5.4444447,0.91089994,negative
80,-18.88889,-5.2222223,0.5142537,negative
55,-5.3333335,-17.666666,0.43507022,positive
25,-43.444443,-26.11111,0.29958275,negative
191,-20.555555,-24.555555,0.31361094,negative
31,-8.777778,-7.111111,0.5009438,negative
217,-9.333333,13,0.39533988,negative
108,5.6666665,-14,0.37883934,positive
233,-10.111111,12.222222,0.47394413,negative
83,-11.333333,-16.333334,0.24967904,negative
66,-22.666666,-6.3333335,0.3501687,negative
190,-14.111111,-19.444445,0.29078844,negative
211,-5.7777777,15.222222,0.52432793,negative
62,-10.777778,-20.11111,0.4503053,positive
102,-14.333333,-20,0.25975996,negative
185,-11.555555,-16.555555,0.2591888,negative
59,-37.444443,-14.444445,0.21420376,negative
208,-8,15.666667,0.42939755,negative
64,-4.2222223,-19.222221,0.4463545,positive
154,-23.666666,-17,0.45878506,negative
99,-43.22222,-30.555555,0.33041757,negative
190,-14.666667,-18,0.29222646,negative
103,-14.555555,-19.555555,0.2570141,negative
123,-4.111111,-3.1111112,1,negative
124,-3.1111112,-1.7777778,0.984127,negative
132,5.2222223,-7.4444447,0.59325397,positive
187,-13.222222,-20.88889,0.30575457,negative
185,-14.333333,-19,0.28555444,negative
182,-9.777778,-17.11111,0.27866945,negative
19,-33.666668,-13.666667,0.18952668,negative
29,-27.666666,-15.666667,0.16561614,negative
144,0,0,0,negative
152,-18.666666,-14.666667,0.46343043,negative
50,-36.555557,-16.555555,0.21380861,negative
196,-15.222222,-17.88889,0.2924689,negative
110,-13.222222,-9.888889,0.3074441,negative
124,4,-7.6666665,0.5421076,positive
63,-35.333332,-16.666666,0.21148404,negative
131,0,0,0,negative
138,-1.1111112,-4.111111,1,negative
164,-6,2,0.29914993,negative
180,-15.555555,-20.222221,0.3009182,negative
217,-6.4444447,15.222222,0.48659843,negative
63,-6.111111,-15.777778,0.42265132,positive
27,-14.888889,-12.222222,0.09847229,negative
47,-43.666668,-29.333334,0.32009703,negative
178,-7.6666665,12,0.29896173,negative
196,-15.333333,-17.666666,0.28913772,negative
79,-8.555555,-4.5555553,0.7916667,negative
51,-9.222222,-18.88889,0.44611752,positive
138,-16.777779,-22.444445,0.24899773,negative
123,2.7777777,-7.2222223,0.475,positive
115,-28.666666,-9,0.15213422,negative
89,-12,-11.666667,0.5488248,negative
115,-5,-3.3333333,0.962963,negative
123,-3.4444444,-3.4444444,1,negative
54,-35.11111,-15.777778,0.2027078,negative
111,-12.555555,-8.888889,0.31548372,negative
145,3.1111112,-6.888889,0.56415343,positive
50,-46.11111,-17.11111,0.27970007,negative
235,-9.222222,9.444445,0.34748083,negative
50,-35.88889,-17.222221,0.21353829,negative
149,-13.666667,11.333333,0.36371678,negative
101,-11.888889,-12.888889,0.32728764,negative
208,-11.555555,14.111111,0.3969092,negative
79,-41.555557,-14.888889,0.2580791,negative
89,-10.777778,-10.444445,0.43137968,negative
90,-6.2222223,-8.555555,0.6410182,negative
121,-6.888889,-0.8888889,0.8435185,negative
176,-19.444445,-24.11111,0.3158616,negative
138,-4.6666665,-5,0.82685184,negative
81,-11.111111,-15.777778,0.30079645,negative
196,-22.555555,-24.222221,0.30158615,negative
142,4.888889,-6.7777777,0.6301587,positive
71,-1.6666666,-17,0.41629943,positive
125,-7.111111,-4.4444447,0.85319865,negative
57,-18.222221,-12.555555,0.11169542,negative
117,2.3333333,-15,0.38127685,positive
102,-20.11111,-20.777779,0.26937962,negative
237,-7,16.666666,0.47282594,negative
142,-3.3333333,-3.6666667,1,negative
104,-16.222221,-22.555555,0.26721877,negative
46,-27.333334,-23,0.32671866,negative
201,-11.666667,20.666666,0.43971756,negative
111,-4,-4,1,negative
76,-3.4444444,-7.4444447,0.20066153,negative
203,-7,17,0.5918262,negative
92,-13.111111,-12.444445,0.49969473,negative
41,-43.77778,-13.777778,0.26204562,negative
156,-19.11111,13.888889,0.38903406,negative
126,4.4444447,-7.2222223,0.45030865,positive
87,-14.666667,-4.3333335,0.65204316,negative
91,-4.3333335,-7,0.62065095,negative
112,-1.3333334,-1,0.6666667,negative
105,-13.555555,-18.222221,0.29599184,negative
125,-4,-2.3333333,0.9238095,negative
182,-18.333334,-25,0.31428084,negative
96,-8.111111,-6.111111,0.87222224,negative
116,-6.3333335,-2.6666667,0.8755291,negative
48,-25,-25,0.1971141,negative
156,-12.666667,-12,0.4313206,negative
69,-7,-17.666666,0.4315472,positive
44,-39,-23.333334,0.26639053,negative
202,-19.88889,-23.222221,0.29352704,negative
80,-6,-19.333334,0.4324709,positive
140,-5.6666665,-6,0.6392537,negative
57,-34,-12.333333,0.1924883,negative
83,-10.555555,-5.2222223,0.5041609,negative
218,-9.111111,12.222222,0.40134683,negative
186,-11.555555,-13.888889,0.3033766,negative
69,0.6666667,-12.333333,0.17869009,negative
197,-11.444445,18.88889,0.39488608,negative
134,-22.777779,-17.777779,0.36128438,negative
101,4.2222223,-13.111111,0.3768521,positive
44,-31.777779,-11.111111,0.1818206,negative
126,6.7777777,-7.5555553,0.6230159,positive
32,-33.333332,-14.666667,0.19062504,negative
124,-11.777778,-16.777779,0.2909818,negative
64,-37.333332,-15,0.2367968,negative
161,-15.333333,-12.333333,0.29805613,negative
48,-39.333332,-24.333334,0.26589924,negative
82,-10,-9.333333,0.45815158,negative
163,-16.333334,-8.666667,0.28153613,negative
93,-14.333333,-12.666667,0.48024568,negative
77,-9,-15,0.26919183,negative
145,-7.6666665,-12,0.31533822,negative
112,3.5555556,-7.4444447,0.5440917,positive
191,-6,11.666667,0.5358197,negative
118,3.8888888,-8.111111,0.5438712,positive
240,-9.777778,13.222222,0.42162097,negative
80,-11.888889,-10.222222,0.48998156,negative
45,-31.222221,-16.222221,0.19091243,negative
226,-4.111111,15.222222,0.40474883,negative
136,-5.3333335,-4.6666665,0.9111552,negative
41,-43.77778,-13.777778,0.26204562,negative
189,-8.666667,-10.333333,0.26524833,negative
103,-6.111111,-4.4444447,0.9876543,negative
33,-41.444443,-12.777778,0.24777646,negative
69,-18.333334,-22.666666,0.28965253,negative
139,-6.888889,-6.2222223,0.78617525,negative
64,-46.77778,-30.777779,0.3492103,negative
138,-2.3333333,-2.3333333,1,negative
131,0,0,0,negative
186,-17.555555,-21.222221,0.2962514,negative
73,-14.444445,-19.444445,0.25336418,negative
184,-8.777778,-10.111111,0.25072145,negative
62,-7,-8,0.6703704,negative
193,-11.444445,-15.444445,0.27838665,negative
171,-14.333333,-17.333334,0.28798285,negative
92,-8.555555,-8.222222,0.6084366,negative
95,-2.5555556,-6.888889,0.51256585,negative
56,-9.333333,-19.333334,0.4427882,positive
189,-19.444445,-25.444445,0.3128917,negative
104,-10.222222,-9.222222,0.3802916,negative
112,-20.777779,-21.777779,0.29368052,negative
125,-25.11111,-21.444445,0.3172057,negative
78,-20.666666,-13.666667,0.124646865,negative
67,-22.88889,-24.222221,0.29814535,negative
193,-18.777779,-23.777779,0.29530448,negative
185,-10,-11.333333,0.27036038,negative
15,-28.88889,-24.88889,0.3169049,negative
137,-20,-13.666667,0.50256854,negative
13,-20.11111,-4.7777777,0.10009145,negative
65,-34,-17,0.20236506,negative
114,-34.444443,-17.777779,0.62924504,negative
175,-21.333334,-23.333334,0.31203708,negative
53,-12.888889,-20.88889,0.4747726,positive
134,-5,-5.3333335,0.87610227,negative
65,-2.1111112,-15.777778,0.41941756,positive
84,-12.555555,-10.555555,0.47722223,negative
128,4,-7.3333335,0.56150794,positive
103,2.6666667,-15.333333,0.41030627,positive
102,-2.8888888,-17.222221,0.41776258,positive
102,-6.6666665,-3.6666667,0.89973545,negative
196,-9.777778,11.555555,0.36523178,negative
122,-4.7777777,-3.7777777,1,negative
120,-8.555555,-15.888889,0.2246171,negative
145,3.7777777,-6.5555553,0.65555555,positive
141,4.7777777,-7.2222223,0.5740741,positive
198,-17.777779,-19.11111,0.30964476,negative
102,-9.111111,-4.111111,0.8912177,negative
89,-11.777778,-11.111111,0.47304532,negative
91,-20.777779,-8.777778,0.39882392,negative
186,-15.666667,-21.666666,0.2983021,negative
15,-46.88889,-26.88889,0.30673698,negative
55,-39.22222,-23.88889,0.27479535,negative
70,-10.444445,-19.11111,0.24982914,negative
111,0.8888889,-6.111111,0.7156085,positive
111,3.4444444,-14.222222,0.37431172,positive
123,5.6666665,-7.6666665,0.555776,positive
116,-2.3333333,-15.666667,0.39844838,positive
133,-1.6666666,-4.3333335,0.9722222,negative
184,-11.222222,-10.555555,0.28044972,negative
219,-4.4444447,8.222222,0.56125355,negative
22,-14.888889,-12.222222,0.09518399,negative
149,-4,-5.6666665,0.5783389,positive
62,-7.888889,-8.555555,0.6359381,negative
143,4,-8,0.6018519,positive
188,-9.888889,-12.222222,0.29079577,negative
131,-1.5555556,-1.5555556,1,negative
73,-13.555555,-15.222222,0.2970959,negative
118,-11.555555,-9.888889,0.4187123,negative
103,3.7777777,-15.222222,0.38838536,positive
46,-35.333332,-14,0.20012376,negative
120,-3,-3,1,negative
190,-17,-20.333334,0.2970586,negative
145,4.888889,-5.111111,0.6005291,positive
124,-2.6666667,-2,1,negative
124,-2,-2,1,negative
55,-30.666666,-15,0.18262304,negative
91,-13.777778,-11.777778,0.63446367,negative
136,-19.555555,-9.888889,0.66081303,negative
89,-2.3333333,-17.333334,0.40502182,positive
174,-20.222221,-23.88889,0.3230207,negative
195,-15.777778,-17.777779,0.29027814,negative
100,-16.777779,-20.777779,0.27896288,negative
106,-10.111111,-9.444445,0.41640097,negative
172,-16.666666,16.666666,0.31229463,negative
74,-0.44444445,-16.777779,0.41920358,positive
124,-2,-2,1,negative
249,-3.4444444,4.2222223,0.20324889,negative
129,-14.333333,-14.333333,0.3206125,negative
186,-15.666667,-20,0.2901475,negative
178,-10.777778,18.88889,0.32921228,negative
27,-16.555555,-8.888889,0.09626316,negative
104,-13.666667,-19,0.25220254,negative
144,-7.2222223,-4.888889,0.9861111,negative
36,-29.444445,-25.777779,0.33281505,negative
216,-5.888889,12.111111,0.59312356,negative
85,-13.111111,-10.777778,0.45902446,negative
134,-6.888889,-5.888889,0.5872341,negative
89,0,0,0,negative
142,-0.33333334,-0.33333334,0.22222222,negative
87,-26,-8.666667,0.30628127,negative
154,-2.2222223,-3.2222223,0.8388889,negative
32,-23.444445,-25.777779,0.3444093,negative
99,0,-12.333333,0.14661072,negative
240,-8.777778,16.88889,0.329382,negative
126,-6.6666665,-0.6666667,0.90899473,negative
126,-3.2222223,-2.8888888,0.96581197,negative
209,-6.2222223,13.444445,0.46432462,negative
164,-14.111111,17.222221,0.40952933,negative
135,-3.6666667,-5.6666665,0.83227515,negative
90,-7.3333335,0.33333334,0.7252886,negative
131,-15.111111,-15.111111,0.33861881,negative
75,-2.3333333,-11.333333,0.18173215,negative
108,-10.666667,-5.6666665,0.7054819,negative
186,-14,-20.333334,0.30452195,negative
32,-19.555555,-10.555555,0.113055356,negative
57,-12.111111,-4.4444447,0.46630767,negative
110,-10,-9.333333,0.6206427,negative
95,-12.444445,-5.7777777,0.816909,negative
137,-13.555555,-5.2222223,0.77986646,negative
88,-28.11111,-25.11111,0.32012162,negative
128,-10.444445,-14.111111,0.31617704,negative
248,-1.5555556,8.777778,0.31222734,negative
81,-22,-5.6666665,0.5952822,negative
196,-18,-19,0.2935857,negative
210,-7.5555553,16.444445,0.48873982,negative
109,-18.88889,-8.222222,0.694627,negative
122,-1.6666666,-0.33333334,0.5555556,negative
136,-5.888889,-5.2222223,0.70975137,negative
214,-5.4444447,11.555555,0.5681624,negative
245,-9.333333,12.666667,0.38969478,negative
158,-17.222221,17.11111,0.41181073,negative
162,-18.222221,-9.222222,0.298124,negative
126,-11,-10.666667,0.40593585,negative
201,-13.555555,-12.555555,0.2753682,negative
212,-6.888889,16.777779,0.4987573,negative
202,-9.333333,10.333333,0.35402012,negative
183,-16.555555,-22.555555,0.30312124,negative
68,-30.333334,-15.333333,0.17962871,negative
248,-8.666667,12.666667,0.40343738,negative
75,-0.6666667,-16.666666,0.41704598,positive
95,0,-15.333333,0.38836312,positive
131,-0.6666667,-0.6666667,0.6666667,negative
117,-3.3333333,-3.3333333,0.96825397,negative
182,-6.4444447,17.222221,0.39944676,negative
62,-1.3333334,-16.666666,0.423121,positive
32,-33.333332,-14.666667,0.19062504,negative
152,0,0,0,negative
139,4.3333335,-7.6666665,0.5326279,positive
193,-11.222222,-15.222222,0.27987626,negative
67,0.8888889,-17.777779,0.4148357,positive
60,-30.666666,-24.666666,0.22336383,negative
153,-9,-6.3333335,0.7695767,negative
68,-3.4444444,-17.11111,0.440354,positive
140,4.6666665,-7.6666665,0.537017,positive
110,2.8888888,-13.444445,0.36884832,positive
116,-13.444445,-15.777778,0.26456326,negative
42,-39.77778,-12.111111,0.24193405,negative
124,4.3333335,-8,0.571649,positive
130,3.7777777,-7.888889,0.48159373,positive
90,-5.7777777,-8.111111,0.65115255,negative
149,0,0,0,negative
84,-0.8888889,-17.555555,0.39879107,positive
136,4.5555553,-7.4444447,0.52954143,positive
201,-13.444445,17.88889,0.41676173,negative
27,-33.333332,-14.666667,0.19541612,negative
181,-11.666667,-18.333334,0.28328654,negative
133,-1.4444444,-1.4444444,1,negative
163,-7.111111,16.555555,0.34426668,negative
86,-0.11111111,-14.777778,0.41791564,positive
132,-3.8888888,-2.5555556,1,negative
61,-41.88889,-15.888889,0.25886914,negative
125,-18,-17.333334,0.32463875,negative
130,-2.2222223,-2.2222223,0.5509259,negative
71,-49.11111,-30.11111,0.37009746,negative
180,-13.333333,-18,0.27882218,negative
126,-17.88889,-8.555555,0.73926485,negative
169,-15.222222,18.11111,0.34778315,negative
73,-42.444443,-25.444445,0.6511328,negative
69,-0.8888889,-8.888889,0.15409406,negative
183,-18.222221,-23.555555,0.31236586,negative
125,-24,-22.666666,0.32390848,negative
140,-0.7777778,-0.7777778,0.7777778,negative
121,-10.777778,-14.444445,0.28057775,negative
73,-5.111111,-10.111111,0.17822558,negative
50,-38.333332,-16.666666,0.2473368,negative
98,-4.2222223,-3.8888888,1,negative
170,-16,16.333334,0.34911168,negative
16,-44.88889,-22.555555,0.29960132,negative
126,4.5555553,-7.111111,0.6111111,positive
143,4.7777777,-7.5555553,0.67407405,positive
109,-8.555555,-3.8888888,0.8644824,negative
40,-31.333334,-16.333334,0.18850341,negative
176,-19.666666,-22.333334,0.3181372,negative
81,-1.1111112,-17.11111,0.40920117,positive
148,0,0,0,negative
197,-17,-18.666666,0.29632849,negative
66,-34.666668,-17,0.20580281,negative
43,-27.444445,-14.777778,0.1651921,negative
72,-34,-13,0.19128962,negative
190,-11,-14.333333,0.32900727,negative
185,-9.333333,-9,0.25044397,negative
191,-20.555555,-24.555555,0.31361094,negative
171,-14.777778,-19.11111,0.30794257,negative
29,-28.444445,-14.444445,0.16648434,negative
245,-8.444445,14.555555,0.38490298,negative
102,1.8888888,-13.777778,0.39032918,positive
107,-13,-9,0.3324073,negative
217,-3.8888888,10.111111,0.58261186,negative
246,-8.444445,15.222222,0.3938387,negative
185,-17,-22,0.30253935,negative
181,-20.88889,-24.222221,0.3069927,negative
135,-6.6666665,-6,0.6175926,negative
105,-13.555555,-18.555555,0.27710575,negative
81,-14.444445,-4.7777777,0.6281558,negative
21,-33,-12.333333,0.18402189,negative
201,-14.222222,-15.555555,0.2808298,negative
143,-9.888889,-5.888889,0.915376,negative
56,-7.5555553,-19.555555,0.41393992,positive
32,-19.555555,-10.555555,0.113055356,negative
183,-15.555555,-21.88889,0.3037197,negative
126,-6.888889,-9.888889,0.3057855,negative
134,-0.11111111,-0.11111111,0.11111111,negative
153,0,0,0,negative
154,9.888889,-4.7777777,0.56192696,negative
144,-3.4444444,-3.4444444,1,negative
197,-16.222221,-18.88889,0.29465598,negative
127,-1.8888888,-11.555555,0.2045359,negative
135,5.6666665,-7,0.6137566,positive
216,-10.333333,18,0.426777,negative
34,-23.666666,-25,0.27917594,negative
248,-12,20.666666,0.42215064,negative
200,-20.444445,-22.444445,0.3173622,negative
152,0,0,0,negative
112,-12.777778,-13.111111,0.40954432,negative
57,-31.444445,-13.444445,0.18207318,negative
189,-9,-10.666667,0.27147257,negative
118,3.3333333,-8.333333,0.5643298,positive
61,-7,-8.333333,0.65589225,negative
190,-14.111111,-19.444445,0.29078844,negative
244,-2.1111112,3.8888888,0.22648169,negative
137,-7.3333335,-4.6666665,0.837478,negative
12,-9,-9.666667,0.5437747,negative
191,-13.555555,-18.222221,0.2788862,negative
182,-10.444445,-13.444445,0.28575617,negative
198,-19.88889,-21.555555,0.29130092,negative
182,-6.6666665,18.666666,0.44435817,negative
134,-3.3333333,-4.3333335,0.88148147,negative
77,-7.6666665,-7,0.22524333,negative
63,-3.7777777,-16.777779,0.44724983,positive
199,-21.222221,-21.555555,0.31700587,negative
197,-21,-22.666666,0.28533262,negative
107,-28.666666,-11.666667,0.6385408,negative
56,-1.2222222,-15.555555,0.42268896,positive
241,-10.333333,11.333333,0.3999011,negative
97,-23.444445,-9.777778,0.12984978,negative
103,-5.888889,-1.2222222,0.79907405,negative
123,5.2222223,-7.7777777,0.5734127,positive
113,-2.8888888,-2.5555556,1,negative
87,-10.444445,-12.777778,0.31248218,negative
34,-6.3333335,-16.333334,0.4663447,positive
121,-8.777778,-3.4444444,0.9074074,negative
152,-1.3333334,-1.3333334,0.70555556,negative
69,-6.6666665,-19.666666,0.44485995,positive
54,-36.22222,-15.555555,0.23221897,negative
32,-15.777778,-18.444445,0.24900064,negative
193,-8.333333,14,0.38886335,negative
82,-11.444445,-2.4444444,0.843607,negative
153,-20,-12.333333,0.44774532,negative
129,-1.5555556,-1.5555556,0.7777778,negative
116,-5.5555553,-3.2222223,0.96141976,negative
58,-47.444443,-29.444445,0.34886265,negative
165,-6.888889,7.4444447,0.31812865,negative
85,-8.888889,-4.888889,0.8858245,negative
148,-22.88889,-14.555555,0.4837708,negative
135,-3.2222223,-4.888889,0.84973544,negative
59,-8.222222,-19.555555,0.45942742,positive
32,-15.777778,-18.444445,0.24900064,negative
147,-19.222221,-14.888889,0.45740503,negative
114,0.44444445,-14.888889,0.39496386,positive
96,-2.8888888,-15.222222,0.39949927,positive
75,-32.444443,-16.444445,0.20298976,negative
65,-19.11111,-22.11111,0.2870454,negative
40,-30.555555,-17.222221,0.18574874,negative
196,-11.888889,15.111111,0.36529657,negative
86,-11.777778,-10.777778,0.46348011,negative
80,-41.666668,-27.333334,0.30905932,negative
56,-4.888889,-17.555555,0.44070765,positive
91,-8.111111,-6.111111,0.94481075,negative
163,-16.555555,-8.222222,0.28481323,negative
132,-1.1111112,-1.1111112,0.8888889,negative
178,-12,-12.666667,0.29696295,negative
133,5,-8.333333,0.53858024,positive
120,-25.555555,-16.555555,0.6812664,negative
82,-10,-14.666667,0.24660505,negative
93,-7.3333335,-5.3333335,0.9356702,negative
147,-20,-14.333333,0.4681647,negative
196,-5.4444447,14.222222,0.4302431,negative
183,-8.111111,16.88889,0.42024404,negative
195,-15.777778,-17.777779,0.29027814,negative
140,4.6666665,-6.3333335,0.56415343,positive
115,-12.222222,-10.222222,0.5331259,negative
94,-21,-22.666666,0.26725835,negative
132,-17,-14.333333,0.35474625,negative
156,-21.11111,15.888889,0.41732758,negative
240,-12.444445,22.222221,0.41721755,negative
18,-15.888889,-10.888889,0.096352234,negative
74,-2.2222223,-17.222221,0.42220616,positive
138,4.7777777,-7.2222223,0.5438712,positive
99,-9.111111,-5.4444447,0.91089994,negative
93,-13.555555,-11.888889,0.57700235,negative
130,4.6666665,-7.3333335,0.587963,positive
130,-1.5555556,-2.5555556,0.85555553,negative
155,-4,-9,0.64629805,negative
113,-22,-14,0.4415065,negative
63,-38.11111,-13.444445,0.23688999,negative
54,-23,-24,0.18114924,negative
113,-25.333334,-12.333333,0.14413407,negative
189,-20.555555,-23.555555,0.30798513,negative
184,-13.111111,-18.11111,0.2781955,negative
80,-10.111111,-15.444445,0.28296396,negative
141,-1.1111112,-2.1111112,0.8888889,negative
185,-20.88889,-21.222221,0.29802468,negative
191,-20.666666,-24.333334,0.30299366,negative
117,1.6666666,-7,0.5436508,positive
226,-6.2222223,10.111111,0.5268813,negative
163,-16.333334,-8,0.2689782,negative
189,-7.4444447,-9.777778,0.23309669,negative
40,-43.444443,-11.444445,0.2540513,negative
179,-14.333333,-20.333334,0.29654688,negative
145,-4.2222223,-0.22222222,0.45767197,negative
204,-12.222222,19.777779,0.4203661,negative
57,-19,-13.666667,0.11873322,negative
224,-10.333333,15,0.45764294,negative
166,-13.888889,15.777778,0.4462137,negative
148,-22.88889,-14.555555,0.4837708,negative
224,-14.444445,21.88889,0.44151622,negative
176,-19.777779,-22.444445,0.32042044,negative
46,-35.333332,-14,0.20012376,negative
142,-1.3333334,-1,0.41666666,negative
120,-13.555555,-16.222221,0.2634666,negative
176,-20.88889,-25.222221,0.31446242,negative
75,-22.666666,-8.666667,0.29780185,negative
126,-7.888889,-12.555555,0.25840873,negative
189,-13.666667,-20,0.2938097,negative
23,-36,-14.333333,0.20590083,negative
138,-9.555555,-2.8888888,0.7900112,negative
98,-13.888889,-12.888889,0.4486757,negative
102,-8.444445,-4.4444447,0.94074076,negative
108,-9.555555,-8.555555,0.4560301,negative
90,-13.444445,-13.111111,0.465278,negative
202,-10.444445,13.888889,0.40993193,negative
191,-23.222221,-25.222221,0.31158692,negative
87,-26,-8.666667,0.30628127,negative
138,4.7777777,-7.2222223,0.5438712,positive
90,-21,-18.666666,0.32763156,negative
242,-10.444445,7.888889,0.35316142,negative
78,-40.88889,-15.555555,0.25818166,negative
198,-10.111111,14.888889,0.40090325,negative
88,-12.666667,-4,0.7547033,negative
137,-2.8888888,-10.555555,0.1760659,negative
103,-1.8888888,-16.555555,0.4162386,positive
143,-1.3333334,-2,0.8888889,negative
21,-33,-12.333333,0.18402189,negative
139,-1.4444444,-4.111111,1,negative
76,-18.88889,-16.555555,0.334876,negative
155,-5.888889,-5.2222223,0.5,negative
102,-17.333334,-17.666666,0.31827116,negative
231,-10.555555,14.111111,0.48521596,negative
167,-6.7777777,16.88889,0.36550307,negative
123,-11.111111,-15.777778,0.26327455,negative
115,-12.888889,-15.888889,0.2641149,negative
224,-4.2222223,13.777778,0.40896538,negative
59,-34.444443,-15.777778,0.20332612,negative
134,-3,-4,0.93703705,negative
84,-12.333333,-10.666667,0.475,negative
133,-4.6666665,-8.333333,0.27027062,negative
237,-4.3333335,11.333333,0.5229992,negative
170,-10.888889,9.444445,0.34671864,negative
80,-10.111111,-15.444445,0.28296396,negative
13,-28.444445,-11.111111,0.15582462,negative
62,-42,-23.333334,0.29458332,negative
109,-10.222222,-10.555555,0.36714104,negative
129,0,0,0,negative
113,-3.8888888,-2.2222223,0.9814815,negative
215,-8.555555,17.11111,0.4043918,negative
223,-6.2222223,15.777778,0.42312294,negative
191,-6,11.666667,0.5358197,negative
188,-14.555555,-19.88889,0.29477406,negative
118,4.111111,-7.2222223,0.5456349,positive
109,-8.555555,-3.8888888,0.8644824,negative
65,-12.111111,-11.111111,0.19713038,negative
172,-13.333333,-16.333334,0.27804413,negative
89,-0.5555556,-14.222222,0.40250653,positive
137,5.7777777,-7.5555553,0.57363313,positive
21,-27.555555,-10.555555,0.15349694,negative
120,-12,-9.333333,0.38675025,negative
180,-12,14.666667,0.3273826,negative
135,-21.555555,-14.222222,0.44313568,negative
17,-12.777778,-15.444445,0.26818594,negative
190,-14,-19.333334,0.29230747,negative
45,-39.22222,-14.555555,0.24428888,negative
77,-5.5555553,-18.555555,0.4132174,positive
78,-26.666666,-8.666667,0.26973316,negative
55,-38,-17.666666,0.23589359,negative
157,-15.222222,15.444445,0.35004318,negative
117,4,-7.3333335,0.51036155,positive
166,-6.4444447,10.222222,0.33051255,negative
243,-4.111111,8.888889,0.52543694,negative
221,-10.222222,15.111111,0.44601154,negative
104,-39.88889,-18.222221,0.27240252,negative
129,-24.555555,-22.222221,0.30597952,negative
90,-3.5555556,-18.555555,0.4205985,positive
133,0,0,0,negative
42,-24.666666,-22.333334,0.3229307,negative
18,-15.888889,-10.888889,0.096352234,negative
98,2.5555556,-12.444445,0.35672373,positive
99,-9.888889,-4.5555553,0.71189785,negative
124,-20.222221,-18.222221,0.3480217,negative
211,-7.888889,12.111111,0.37534603,negative
49,-31.222221,-15.888889,0.18239816,negative
188,-20.333334,-23.333334,0.29951125,negative
145,3.1111112,-6.888889,0.56415343,positive
190,-12.666667,20.333334,0.4093088,negative
161,-16.444445,-12.444445,0.29470626,negative
223,-3.7777777,10.222222,0.33066535,negative
122,5.111111,-7.5555553,0.52006173,positive
30,-30.88889,-15.888889,0.18356538,negative
229,-10.444445,11.222222,0.49614197,negative
133,4,-8.333333,0.5582011,positive
68,-21.222221,-22.88889,0.31602636,negative
145,-26,-21,0.31713998,negative
142,-0.11111111,-0.11111111,0.11111111,negative
124,5.3333335,-7,0.59589946,positive
135,-0.6666667,-0.6666667,0.33333334,negative
233,-5.7777777,15.222222,0.42217422,negative
146,-13.888889,-12.555555,0.42982522,negative
188,-9.222222,-10.222222,0.2758629,negative
36,-41.11111,-14.111111,0.24633974,negative
133,-14.333333,-14.333333,0.3133975,negative
78,-1.7777778,-18.11111,0.40196496,positive
107,-23.666666,-11,0.13383016,negative
109,-9.333333,-2.6666667,0.7607343,negative
104,-4.111111,-16.11111,0.4213954,positive
138,-3.1111112,-1.7777778,0.9777778,negative
59,-28.777779,-14.111111,0.170091,negative
144,-3.4444444,-3.4444444,1,negative
96,-44.444443,-30.11111,0.34293815,negative
154,-18.444445,-21.444445,0.3213451,negative
176,-14.333333,-20.333334,0.29405567,negative
22,-16.555555,-14.222222,0.10965454,negative
113,4.5555553,-7.7777777,0.5793651,positive
101,-13.222222,-2.8888888,0.70008737,negative
122,-14.888889,-15.555555,0.3496519,negative
38,-13,-9.666667,0.54723245,negative
162,-5.111111,-5.7777777,0.48480532,negative
210,-17.555555,-21.555555,0.3175664,negative
104,-20.555555,-20.88889,0.30307138,negative
137,-0.6666667,-0.6666667,0.6666667,negative
95,-7.888889,-3.2222223,0.88955027,negative
62,-6.888889,-8.222222,0.68080807,negative
110,-15,-16,0.35354832,negative
40,-33.333332,-16,0.19453695,negative
56,-4.7777777,-18.11111,0.43595982,positive
68,-3.6666667,-6.6666665,0.534151,negative
108,4,-14.333333,0.38875645,positive
55,-5.3333335,-17.666666,0.43507022,positive
62,-28.666666,-13.666667,0.16963542,negative
182,-10.444445,-13.444445,0.28575617,negative
192,-21,-24.666666,0.31279564,negative
135,-2.7777777,-4.7777777,0.92777777,negative
195,-16.88889,-18.555555,0.3003628,negative
33,-6.888889,-6.2222223,0.547103,negative
186,-9.666667,-11.666667,0.27672648,negative
121,-3.4444444,-3.1111112,1,negative
35,-9.444445,-7.7777777,0.4592879,negative
157,-13.666667,-12,0.43888178,negative
77,-24,-20.666666,0.31068987,negative
84,-0.8888889,-17.555555,0.39879107,positive
176,-20.88889,-25.222221,0.31446242,negative
185,-13.111111,16.222221,0.39645794,negative
89,-13.111111,-14.777778,0.35127252,negative
177,-12.555555,-20.222221,0.29743084,negative
124,4.4444447,-7.888889,0.5500441,positive
61,-0.8888889,-14.888889,0.41952246,positive
134,-21.11111,-21.444445,0.3411113,negative
155,-5.888889,-5.2222223,0.5,negative
130,5,-7.6666665,0.57539684,positive
80,-12.555555,-3.5555556,0.77528197,negative
149,-0.11111111,-0.11111111,0.11111111,negative
96,-13.111111,-13.444445,0.4727645,negative
115,-12,-4,0.7672355,negative
14,-38.333332,-13,0.2228557,negative
117,-16.444445,-15.777778,0.33502588,negative
174,-7.7777777,10.555555,0.35929558,negative
82,-11.555555,-9.222222,0.4816013,negative
207,-18.333334,-20,0.29928485,negative
55,-1.4444444,-15.444445,0.40479085,positive
41,-39.333332,-12.333333,0.23449263,negative
194,-15.888889,-19.88889,0.30085307,negative
15,-31.444445,-14.111111,0.1764939,negative
194,-19.444445,-22.777779,0.29238248,negative
99,-5.7777777,-4.7777777,0.9861111,negative
19,-26.777779,-11.444445,0.15181188,negative
119,-3.3333333,-2.6666667,0.984127,negative
20,-33,-13.666667,0.18889166,negative
222,-9.666667,10.666667,0.38572726,negative
94,-14.111111,-11.111111,0.59959364,negative
136,4.4444447,-6.888889,0.53571427,positive
31,-33.88889,-14.888889,0.19245563,negative
23,-37.666668,-14,0.2101616,negative
15,-19.333334,-8.666667,0.105074264,negative
132,-16.666666,-14.666667,0.32576838,negative
57,-18.777779,-22.444445,0.26677614,negative
116,-25.666666,-20.666666,0.31323463,negative
114,-14.444445,-12.111111,0.39392713,negative
149,-4.2222223,-5.5555553,0.5881634,positive
48,-16.222221,-18.555555,0.33911672,negative
216,-11,13.666667,0.43169576,negative
182,-10.444445,-13.444445,0.28575617,negative
64,-37.333332,-15,0.2367968,negative
161,-16.444445,-11.444445,0.27503988,negative
176,-13.555555,-20.222221,0.294787,negative
110,-4.6666665,-3.6666667,0.9777778,negative
215,-11.555555,19.444445,0.42521268,negative
135,5.2222223,-7.4444447,0.5654762,positive
190,-11.666667,20,0.40352198,negative
157,-9.666667,12.666667,0.31418663,negative
163,-16.444445,-8.111111,0.27005577,negative
194,-10.888889,17.777779,0.3721296,negative
237,-4.111111,11.222222,0.55723476,negative
35,-46.22222,-25.222221,0.32001477,negative
73,-43.666668,-26.666666,0.5490324,negative
122,-10.333333,-14.666667,0.28241062,negative
87,2.6666667,-13.666667,0.39173108,positive
158,-11.333333,-13,0.26415184,negative
100,1.7777778,-16.555555,0.4010419,positive
107,-6.5555553,-1.5555556,0.6749559,negative
195,-14.888889,-17.555555,0.28449497,negative
124,4.6666665,-7.3333335,0.6084656,positive
83,-12.111111,-4.7777777,0.82735026,negative
201,-6,17,0.5708515,negative
123,4.3333335,-6.6666665,0.6116402,positive
122,4.4444447,-7.5555553,0.54960316,positive
185,-11.777778,-19.444445,0.28914437,negative
177,-12,-11.666667,0.296365,negative
67,-1.3333334,-16.333334,0.4369392,positive
201,-19.777779,-20.777779,0.30885938,negative
116,3.4444444,-7.5555553,0.57539684,positive
89,-6.4444447,-7.111111,0.74090356,negative
66,-3.2222223,-10.888889,0.17887476,negative
28,-26.88889,-23.222221,0.32455578,negative
18,-44.666668,-10.333333,0.2546684,negative
114,-13,-11,0.51092404,negative
176,-9.888889,18.777779,0.33502117,negative
80,-9.444445,-8.111111,0.43286037,negative
63,-38.77778,-14.111111,0.2481359,negative
124,-14.666667,-18,0.2585428,negative
195,-16.11111,-17.777779,0.2918749,negative
40,-44.11111,-12.777778,0.2609661,negative
79,-10.888889,-8.222222,0.4850439,negative
136,-3,-2.6666667,0.9861111,negative
135,4.5555553,-6.4444447,0.6472222,positive
81,1.4444444,-15.888889,0.41030994,positive
51,-34.22222,-12.888889,0.19520037,negative
185,-20.777779,-22.11111,0.29643956,negative
57,-33.77778,-14.444445,0.19475445,negative
117,-19,-18.666666,0.33047688,negative
41,-20.333334,-11.666667,0.11953241,negative
85,-13.111111,-10.777778,0.45902446,negative
115,-2.3333333,-2.6666667,0.93333334,negative
134,-3.3333333,-4.3333335,0.88148147,negative
56,-30.666666,-15,0.17948268,negative
89,-11.111111,-12.777778,0.33112764,negative
199,-5,14.666667,0.40888458,negative
199,-10.222222,10.111111,0.37847343,negative
158,-4.3333335,-7,0.50308645,negative
57,-4.888889,-19.555555,0.42569095,positive
204,-19.11111,-22.777779,0.3026711,negative
141,-5.5555553,-5.888889,0.6652397,negative
87,-22.555555,-10.555555,0.12657078,negative
221,-10.222222,15.111111,0.44601154,negative
134,5.3333335,-7.6666665,0.57760143,positive
45,-41.444443,-26.444445,0.29250294,negative
18,-27.88889,-25.555555,0.31715608,negative
116,-5.2222223,-3.8888888,0.9702381,negative
40,-43.444443,-11.444445,0.2540513,negative
135,-0.44444445,-0.44444445,0.33333334,negative
15,-27.666666,-11.666667,0.15361586,negative
29,-28.444445,-14.444445,0.16648434,negative
182,-16.555555,-22.555555,0.3016008,negative
112,-22.222221,-13.888889,0.4450395,negative
154,-0.8888889,-2.5555556,0.5343915,negative
87,-5.111111,-3.1111112,0.86277056,negative
201,-15,-21.666666,0.28042978,negative
90,-11.888889,-10.888889,0.47554862,negative
236,-11.111111,16.88889,0.41959706,negative
42,-21.555555,-11.888889,0.12513736,negative
35,-44.77778,-27.444445,0.31949878,negative
116,3.4444444,-7.5555553,0.57539684,positive
125,-4.111111,-3.4444444,1,negative
117,3,-7.6666665,0.5535714,positive
102,-23.11111,-22.11111,0.317014,negative
60,-1.3333334,-15,0.41924807,positive
62,-22.777779,-22.777779,0.3031787,negative
203,-18.11111,-21.444445,0.28710723,negative
48,-9.888889,-13.555555,0.24524052,negative
106,-10.777778,-13.444445,0.27090696,negative
53,-2,-15.666667,0.40413755,positive
200,-18,-22.666666,0.30081734,negative
224,-14.444445,21.88889,0.44151622,negative
33,-39.333332,-22.666666,0.25860354,negative
236,-8.888889,14.111111,0.44724658,negative
245,-12.666667,16,0.44538036,negative
154,-0.22222222,-0.22222222,0.22222222,negative
122,-27.555555,-24.88889,0.34236288,negative
34,-11.888889,-9.555555,0.5448579,negative
122,-5.111111,-3.7777777,0.96031743,negative
160,-19.11111,-18.444445,0.34714225,negative
89,-13.111111,-14.777778,0.35127252,negative
241,-7.111111,10.888889,0.5094597,negative
201,-4.6666665,11.333333,0.54320127,negative
185,-12,16.666666,0.40087178,negative
66,-4.7777777,-10.777778,0.18499897,negative
88,-5.4444447,-14.777778,0.42490423,positive
160,-20.444445,-19.11111,0.35403678,negative
20,-33.555557,-21.88889,0.2241392,negative
90,-14.333333,-13,0.53911555,negative
197,-17.88889,-21.555555,0.29870403,negative
109,-4.888889,-3.5555556,0.9691358,negative
32,-38.444443,-23.11111,0.25142038,negative
16,-17.222221,-11.222222,0.101526454,negative
162,-6.111111,-7.4444447,0.4799313,negative
115,-11.888889,-11.888889,0.33166277,negative
122,-17.777779,-15.111111,0.54582953,negative
64,-20.777779,-22.444445,0.3130033,negative
152,-2.7777777,-3.7777777,0.59973544,negative
156,-14.444445,17.222221,0.44057688,negative
122,-10.555555,-12.888889,0.29184964,negative
126,-13.333333,-11,0.437078,negative
95,-13.888889,-11.888889,0.45946908,negative
133,-2.2222223,-2.2222223,1,negative
33,-13.444445,-15.777778,0.33727008,negative
47,-22,-11,0.12570898,negative
137,-1.2222222,-1.8888888,0.75,negative
91,-7.6666665,-5.3333335,0.86781305,negative
101,-18.11111,-18.11111,0.32273299,negative
136,4.5555553,-8.111111,0.52623457,positive
90,-6.7777777,-5.4444447,0.9261464,negative
95,-0.11111111,-1.1111112,0.10119048,negative
145,0,0,0,negative
229,-7.4444447,15.222222,0.4398524,negative
237,-14,21.666666,0.41374576,negative
118,-2.1111112,-1.7777778,1,negative
201,-17.444445,-23.11111,0.29418743,negative
125,-10,-9.666667,0.39868945,negative
28,-26.88889,-23.222221,0.32455578,negative
222,-9.888889,15.444445,0.4254409,negative
119,-14.888889,-16.222221,0.2807703,negative
108,-16.222221,-18.222221,0.25245842,negative
110,-18.88889,-14.555555,0.4318249,negative
67,-1.3333334,-16.333334,0.4369392,positive
195,-4.7777777,12.888889,0.34230694,negative
139,-6,-7,0.69660497,negative
91,-10.333333,-9.333333,0.47678283,negative
188,-9.666667,-12.333333,0.3017472,negative
177,-11.666667,-11.666667,0.28108954,negative
34,-35.333332,-15,0.20392033,negative
40,-29.88889,-14.555555,0.17420864,negative
139,-17,-19.666666,0.3108182,negative
106,-5.888889,-5.2222223,0.9404762,negative
203,-19,-22,0.31489635,negative
189,-21.88889,-24.555555,0.30540445,negative
43,-39.11111,-24.11111,0.26602298,negative
161,-18.222221,-13.222222,0.3081043,negative
182,-9.888889,-17.88889,0.28686288,negative
50,-33,-17.333334,0.19716202,negative
57,-42.666668,-22.666666,0.29451475,negative
83,-6.4444447,-0.44444445,0.7404762,negative
184,-6.2222223,12.111111,0.40555555,negative
150,-16.444445,13.222222,0.42442176,negative
173,-10.777778,15.555555,0.39643326,negative
151,-11.333333,13.333333,0.352606,negative
182,-18.222221,-24.88889,0.30882537,negative
125,-11.888889,-9.888889,0.56104016,negative
50,-4.111111,-16.777779,0.41874644,positive
137,-0.7777778,-0.7777778,0.7777778,negative
139,-11.777778,-10.111111,0.48272505,negative
141,-0.5555556,-0.5555556,0.5555556,negative
138,-5.3333335,-5.6666665,0.7794973,negative
57,-49.444443,-29.777779,0.35934293,negative
151,-22.11111,-14.777778,0.45744765,negative
137,-4.111111,-4.111111,1,negative
84,-9,-4.3333335,0.84772927,negative
184,-6.5555553,13.444445,0.3876632,negative
122,-1.6666666,-0.33333334,0.5555556,negative
140,-0.6666667,-0.6666667,0.06888328,negative
108,-10.111111,-9.444445,0.42167473,negative
174,-22.222221,-23.88889,0.32026085,negative
89,-18.666666,-14,0.5094622,negative
189,-19.222221,-22.88889,0.28551513,negative
111,-17.444445,-21.777779,0.2692176,negative
116,3.4444444,-7.5555553,0.58002645,positive
193,-13,-17.333334,0.28924206,negative
35,-15.777778,-13.777778,0.3197136,negative
98,-4.4444447,-0.11111111,0.8833333,negative
90,-22.777779,-22.444445,0.17969723,negative
147,-1.1111112,-8.444445,0.6522477,positive
183,-15.444445,-22.11111,0.2986217,negative
93,-4.4444447,-14.777778,0.4192332,positive
34,-19.444445,-17.777779,0.3175422,negative
11,-19.666666,-2.6666667,0.09277301,negative
121,-25,-11,0.696178,negative
136,-7.6666665,-11.333333,0.42529303,negative
20,-32.666668,-14.666667,0.18729347,negative
116,-6.7777777,-1.7777778,0.9126984,negative
141,-2.3333333,-2.3333333,1,negative
61,-8.666667,-8,0.5888227,negative
182,-17.222221,-22.555555,0.30064347,negative
161,-18.11111,-12.444445,0.30841646,negative
149,-10.111111,-10.777778,0.45334122,negative
102,0.22222222,-14.444445,0.38105944,positive
24,-29.88889,-12.222222,0.16939692,negative
72,-23,-23.333334,0.31460637,negative
133,-2.8888888,-2.5555556,1,negative
